[Linea 7] Rechazado por catalogo | "SUC01","SUC04","Salchicha Vienna Toledo - 454 g","910600100001","Embutidos","2027-08-17","Toledo","14.50","17"
[Linea 8] Rechazado por catalogo | "SUC01","SUC03","Jamon Cocido Fud - 250 g","910600100002","Embutidos","2027-08-21","Fud","18.75","21"
[Linea 13] Rechazado por catalogo | "SUC01","SUC02","Jamon Cocido Fud - 250 g","910600100002","Embutidos","2027-08-22","Fud","18.75","24"
[Linea 15] Rechazado por catalogo | "SUC01","SUC03","Mortadela Bologna Suli - 300 g","910600100004","Embutidos","2027-08-30","Suli","12.50","32"
[Linea 16] Rechazado por catalogo | "SUC02","SUC04","Pepperoni Hormel - 200 g","910600100005","Embutidos","2027-09-03","Hormel, Foods","28.00","36"
[Linea 19] Rechazado por catalogo | "SUC01","SUC07","Chorizo Parrillero Bremen - 500 g","910600100003","Embutidos","2027-08-27","Bremen","22.90","31"
[Linea 20] Rechazado por catalogo | "SUC01","SUC02","Mortadela Bologna Suli - 300 g","910600100004","Embutidos","2027-08-31","Suli","12.50","35"
[Linea 22] Rechazado por catalogo | "SUC02","SUC04","Salchicha Vienna Toledo - 454 g","910600100001","Embutidos","2027-08-20","Toledo","14.50","26"
[Linea 23] Rechazado por catalogo | "SUC05","SUC06","Jamon Cocido Fud - 250 g","910600100002","Embutidos","2027-08-24","Fud","18.75","30"
[Linea 25] Rechazado por catalogo | "SUC02","SUC04","Mortadela Bologna Suli - 300 g","910600100004","Embutidos","2027-09-01","Suli","12.50","38"
[Linea 27] Rechazado por catalogo | "SUC01","SUC07","Salchicha Vienna Toledo - 454 g","910600100001","Embutidos","2027-08-21","Toledo","14.50","29"
[Linea 29] Rechazado por catalogo | "SUC01","SUC02","Chorizo Parrillero Bremen - 500 g","910600100003","Embutidos","2027-08-29","Bremen","22.90","37"
[Linea 30] Rechazado por catalogo | "SUC01","SUC04","Mortadela Bologna Suli - 300 g","910600100004","Embutidos","2027-09-02","Suli","12.50","41"
[Linea 31] Rechazado por catalogo | "SUC04","SUC05","Pepperoni Hormel - 200 g","910600100005","Embutidos","2027-09-06","Hormel, Foods","28.00","45"
[Linea 33] Rechazado por catalogo | "SUC02","SUC06","Jamon Cocido Fud - 250 g","910600100002","Embutidos","2027-08-26","Fud","18.75","36"
[Linea 34] Rechazado por catalogo | "SUC01","SUC04","Chorizo Parrillero Bremen - 500 g","910600100003","Embutidos","2027-08-30","Bremen","22.90","40"
[Linea 35] Rechazado por catalogo | "SUC02","SUC04","Mortadela Bologna Suli - 300 g","910600100004","Embutidos","2027-09-03","Suli","12.50","44"
[Linea 37] Rechazado por catalogo | "SUC01","SUC03","Salchicha Vienna Toledo - 454 g","910600100001","Embutidos","2027-08-23","Toledo","14.50","35"
[Linea 38] Rechazado por catalogo | "SUC01","SUC03","Jamon Cocido Fud - 250 g","910600100002","Embutidos","2027-08-27","Fud","18.75","39"
[Linea 39] Rechazado por catalogo | "SUC04","SUC05","Chorizo Parrillero Bremen - 500 g","910600100003","Embutidos","2027-08-31","Bremen","22.90","43"
[Linea 40] Rechazado por catalogo | "SUC01","SUC03","Mortadela Bologna Suli - 300 g","910600100004","Embutidos","2027-09-04","Suli","12.50","47"
[Linea 41] Rechazado por catalogo | "SUC03","SUC07","Pepperoni Hormel - 200 g","910600100005","Embutidos","2027-09-08","Hormel, Foods","28.00","51"
[Linea 42] Rechazado por catalogo | "SUC03","SUC07","Salchicha Vienna Toledo - 454 g","910600100001","Embutidos","2027-08-24","Toledo","14.50","38"
[Linea 43] Rechazado por catalogo | "SUC01","SUC07","Jamon Cocido Fud - 250 g","910600100002","Embutidos","2027-08-28","Fud","18.75","42"
[Linea 44] Rechazado por catalogo | "SUC02","SUC06","Chorizo Parrillero Bremen - 500 g","910600100003","Embutidos","2027-09-01","Bremen","22.90","46"
[Linea 45] Rechazado por catalogo | "SUC01","SUC02","Mortadela Bologna Suli - 300 g","910600100004","Embutidos","2027-09-05","Suli","12.50","50"
[Linea 46] Rechazado por catalogo | "SUC04","SUC03","Pepperoni Hormel - 200 g","910600100005","Embutidos","2027-09-09","Hormel, Foods","28.00","54"
[Linea 48] Rechazado por catalogo | "SUC01","SUC03","Jamon Cocido Fud - 250 g","910600100002","Embutidos","2027-08-29","Fud","18.75","45"
[Linea 49] Rechazado por catalogo | "SUC04","SUC05","Chorizo Parrillero Bremen - 500 g","910600100003","Embutidos","2027-09-02","Bremen","22.90","49"
[Linea 50] Rechazado por catalogo | "SUC01","SUC03","Mortadela Bologna Suli - 300 g","910600100004","Embutidos","2027-09-06","Suli","12.50","53"
[Linea 51] Rechazado por catalogo | "SUC05","SUC06","Pepperoni Hormel - 200 g","910600100005","Embutidos","2027-09-10","Hormel, Foods","28.00","7"
[Linea 52] Formato entrada/salida espera 9 o 10 campos, hay 1 | -- DUPLICADOS
[Linea 53] Formato entrada/salida espera 9 o 10 campos, hay 2 | ,
[Linea 54] Precio invalido: x231 | "SUC02","SUC06","Salchicha Vienna Toledo - 454 g DUPLICADA SUCURSAL 1","910600100001","Embutidos","2027-08-16","Toledo","x231","14"
[Linea 55] Stock invalido: abc | "SUC01","SUC07","Mortadela Bologna Suli - 300 g DUPLICADA SUCURSAL 1","910600100003","Embutidos","2027-08-28","Suli","12.50",abc
[Linea 56] Stock invalido:  | "SUC03","SUC07","Mortadela Bologna Suli - 300 g DUPLICADA SUCURSAL 1","910600100121","Embutidos","2027-08-28","Suli","12.50",
[Linea 57] Formato entrada/salida espera 9 o 10 campos, hay 7 | "SUC01","SUC07","Mortadela Bologna Suli - 300 g DUPLICADA SUCURSAL 1","910600103213","Embutidos","2027-08-28","Suli"
[Linea 67] Rechazado por catalogo | "SUC01","SUC03","Alitas Pollo Frescas - 1 kg","910600200003","Pollo","2027-09-04","Granja Avicola","28.75","27"
[Linea 69] Rechazado por catalogo | "SUC02","SUC06","Pollo Entero Fresco - 1 unidad","910600200005","Pollo","2027-09-12","Granja Avicola","45.00","35"
[Linea 72] Rechazado por catalogo | "SUC01","SUC04","Alitas Pollo Frescas - 1 kg","910600200003","Pollo","2027-09-05","Granja Avicola","28.75","30"
[Linea 75] Rechazado por catalogo | "SUC02","SUC04","Pechuga Pollo Fresca - 1 kg","910600200001","Pollo","2027-08-29","Granja Avicola","32.00","25"
[Linea 76] Rechazado por catalogo | "SUC02","SUC06","Muslo Pollo Fresco - 1 kg","910600200002","Pollo","2027-09-02","Granja Avicola","26.50","29"
[Linea 77] Rechazado por catalogo | "SUC01","SUC03","Alitas Pollo Frescas - 1 kg","910600200003","Pollo","2027-09-06","Granja Avicola","28.75","33"
[Linea 81] Rechazado por catalogo | "SUC02","SUC04","Muslo Pollo Fresco - 1 kg","910600200002","Pollo","2027-09-03","Granja Avicola","26.50","32"
[Linea 82] Rechazado por catalogo | "SUC01","SUC04","Alitas Pollo Frescas - 1 kg","910600200003","Pollo","2027-09-07","Granja Avicola","28.75","36"
[Linea 83] Rechazado por catalogo | "SUC04","SUC03","Pierna Pollo Fresca - 1 kg","910600200004","Pollo","2027-09-11","Granja Avicola","27.00","40"
[Linea 85] Rechazado por catalogo | "SUC02","SUC06","Pechuga Pollo Fresca - 1 kg","910600200001","Pollo","2027-08-31","Granja Avicola","32.00","31"
[Linea 88] Rechazado por catalogo | "SUC03","SUC07","Pierna Pollo Fresca - 1 kg","910600200004","Pollo","2027-09-12","Granja Avicola","27.00","43"
[Linea 89] Rechazado por catalogo | "SUC01","SUC02","Pollo Entero Fresco - 1 unidad","910600200005","Pollo","2027-09-16","Granja Avicola","45.00","47"
[Linea 90] Rechazado por catalogo | "SUC02","SUC04","Pechuga Pollo Fresca - 1 kg","910600200001","Pollo","2027-09-01","Granja Avicola","32.00","34"
[Linea 91] Rechazado por catalogo | "SUC01","SUC02","Muslo Pollo Fresco - 1 kg","910600200002","Pollo","2027-09-05","Granja Avicola","26.50","38"
[Linea 93] Rechazado por catalogo | "SUC04","SUC05","Pierna Pollo Fresca - 1 kg","910600200004","Pollo","2027-09-13","Granja Avicola","27.00","46"
[Linea 94] Rechazado por catalogo | "SUC02","SUC06","Pollo Entero Fresco - 1 unidad","910600200005","Pollo","2027-09-17","Granja Avicola","45.00","50"
[Linea 95] Rechazado por catalogo | "SUC01","SUC03","Pechuga Pollo Fresca - 1 kg","910600200001","Pollo","2027-09-02","Granja Avicola","32.00","37"
[Linea 96] Rechazado por catalogo | "SUC02","SUC04","Muslo Pollo Fresco - 1 kg","910600200002","Pollo","2027-09-06","Granja Avicola","26.50","41"
[Linea 97] Rechazado por catalogo | "SUC01","SUC07","Alitas Pollo Frescas - 1 kg","910600200003","Pollo","2027-09-10","Granja Avicola","28.75","45"
[Linea 98] Rechazado por catalogo | "SUC03","SUC07","Pierna Pollo Fresca - 1 kg","910600200004","Pollo","2027-09-14","Granja Avicola","27.00","49"
[Linea 99] Rechazado por catalogo | "SUC02","SUC04","Pollo Entero Fresco - 1 unidad","910600200005","Pollo","2027-09-18","Granja Avicola","45.00","53"
[Linea 100] Rechazado por catalogo | "SUC04","SUC03","Pechuga Pollo Fresca - 1 kg","910600200001","Pollo","2027-09-03","Granja Avicola","32.00","40"
[Linea 103] Rechazado por catalogo | "SUC01","SUC04","Pierna Pollo Fresca - 1 kg","910600200004","Pollo","2027-09-15","Granja Avicola","27.00","52"
[Linea 104] Rechazado por catalogo | "SUC02","SUC06","Pollo Entero Fresco - 1 unidad","910600200005","Pollo","2027-09-19","Granja Avicola","45.00","6"
[Linea 105] Rechazado por catalogo | "SUC01","SUC04","Pechuga Pollo Fresca - 1 kg","910600200001","Pollo","2027-09-04","Granja Avicola","32.00","43"
[Linea 106] Rechazado por catalogo | "SUC02","SUC04","Muslo Pollo Fresco - 1 kg","910600200002","Pollo","2027-09-08","Granja Avicola","26.50","47"
[Linea 109] Rechazado por catalogo | "SUC02","SUC06","Pollo Entero Fresco - 1 unidad","910600200005","Pollo","2027-09-20","Granja Avicola","45.00","9"
[Linea 118] Rechazado por catalogo | "SUC04","SUC03","Pierna Cerdo - 1 kg","910600300004","Cerdo","2027-09-18","Carnes Selectas","36.00","33"
[Linea 120] Rechazado por catalogo | "SUC01","SUC02","Costilla Cerdo Fresca - 1 kg","910600300001","Cerdo","2027-09-07","Carnes Selectas","42.00","24"
[Linea 121] Rechazado por catalogo | "SUC01","SUC03","Lomo Cerdo Fresco - 1 kg","910600300002","Cerdo","2027-09-11","Carnes Selectas","48.50","28"
[Linea 122] Rechazado por catalogo | "SUC01","SUC04","Chuleta Cerdo - 1 kg","910600300003","Cerdo","2027-09-15","Carnes Selectas","39.75","32"
[Linea 125] Rechazado por catalogo | "SUC01","SUC07","Costilla Cerdo Fresca - 1 kg","910600300001","Cerdo","2027-09-08","Carnes Selectas","42.00","27"
[Linea 126] Rechazado por catalogo | "SUC01","SUC03","Lomo Cerdo Fresco - 1 kg","910600300002","Cerdo","2027-09-12","Carnes Selectas","48.50","31"
[Linea 128] Rechazado por catalogo | "SUC04","SUC05","Pierna Cerdo - 1 kg","910600300004","Cerdo","2027-09-20","Carnes Selectas","36.00","39"
[Linea 129] Rechazado por catalogo | "SUC01","SUC07","Tocino Ahumado Oscar Mayer - 250 g","910600300005","Cerdo","2027-09-24","Oscar Mayer, Foods","25.50","43"
[Linea 134] Rechazado por catalogo | "SUC01","SUC02","Tocino Ahumado Oscar Mayer - 250 g","910600300005","Cerdo","2027-09-25","Oscar Mayer, Foods","25.50","46"
[Linea 135] Rechazado por catalogo | "SUC01","SUC03","Costilla Cerdo Fresca - 1 kg","910600300001","Cerdo","2027-09-10","Carnes Selectas","42.00","33"
[Linea 136] Rechazado por catalogo | "SUC05","SUC06","Lomo Cerdo Fresco - 1 kg","910600300002","Cerdo","2027-09-14","Carnes Selectas","48.50","37"
[Linea 137] Rechazado por catalogo | "SUC02","SUC06","Chuleta Cerdo - 1 kg","910600300003","Cerdo","2027-09-18","Carnes Selectas","39.75","41"
[Linea 139] Rechazado por catalogo | "SUC01","SUC03","Tocino Ahumado Oscar Mayer - 250 g","910600300005","Cerdo","2027-09-26","Oscar Mayer, Foods","25.50","49"
[Linea 140] Rechazado por catalogo | "SUC02","SUC06","Costilla Cerdo Fresca - 1 kg","910600300001","Cerdo","2027-09-11","Carnes Selectas","42.00","36"
[Linea 141] Rechazado por catalogo | "SUC04","SUC05","Lomo Cerdo Fresco - 1 kg","910600300002","Cerdo","2027-09-15","Carnes Selectas","48.50","40"
[Linea 142] Rechazado por catalogo | "SUC01","SUC04","Chuleta Cerdo - 1 kg","910600300003","Cerdo","2027-09-19","Carnes Selectas","39.75","44"
[Linea 143] Rechazado por catalogo | "SUC04","SUC03","Pierna Cerdo - 1 kg","910600300004","Cerdo","2027-09-23","Carnes Selectas","36.00","48"
[Linea 144] Rechazado por catalogo | "SUC01","SUC02","Tocino Ahumado Oscar Mayer - 250 g","910600300005","Cerdo","2027-09-27","Oscar Mayer, Foods","25.50","52"
[Linea 145] Rechazado por catalogo | "SUC02","SUC06","Costilla Cerdo Fresca - 1 kg","910600300001","Cerdo","2027-09-12","Carnes Selectas","42.00","39"
[Linea 146] Rechazado por catalogo | "SUC05","SUC06","Lomo Cerdo Fresco - 1 kg","910600300002","Cerdo","2027-09-16","Carnes Selectas","48.50","43"
[Linea 147] Rechazado por catalogo | "SUC01","SUC04","Chuleta Cerdo - 1 kg","910600300003","Cerdo","2027-09-20","Carnes Selectas","39.75","47"
[Linea 148] Rechazado por catalogo | "SUC05","SUC06","Pierna Cerdo - 1 kg","910600300004","Cerdo","2027-09-24","Carnes Selectas","36.00","51"
[Linea 149] Rechazado por catalogo | "SUC01","SUC03","Tocino Ahumado Oscar Mayer - 250 g","910600300005","Cerdo","2027-09-28","Oscar Mayer, Foods","25.50","5"
[Linea 150] Rechazado por catalogo | "SUC02","SUC06","Costilla Cerdo Fresca - 1 kg","910600300001","Cerdo","2027-09-13","Carnes Selectas","42.00","42"
[Linea 151] Rechazado por catalogo | "SUC05","SUC06","Lomo Cerdo Fresco - 1 kg","910600300002","Cerdo","2027-09-17","Carnes Selectas","48.50","46"
[Linea 152] Rechazado por catalogo | "SUC01","SUC07","Chuleta Cerdo - 1 kg","910600300003","Cerdo","2027-09-21","Carnes Selectas","39.75","50"
[Linea 154] Rechazado por catalogo | "SUC01","SUC04","Tocino Ahumado Oscar Mayer - 250 g","910600300005","Cerdo","2027-09-29","Oscar Mayer, Foods","25.50","8"
[Linea 156] Rechazado por catalogo | "SUC01","SUC04","Lomo Cerdo Fresco - 1 kg","910600300002","Cerdo","2027-09-18","Carnes Selectas","48.50","49"
[Linea 157] Rechazado por catalogo | "SUC05","SUC06","Chuleta Cerdo - 1 kg","910600300003","Cerdo","2027-09-22","Carnes Selectas","39.75","53"
[Linea 158] Rechazado por catalogo | "SUC05","SUC06","Pierna Cerdo - 1 kg","910600300004","Cerdo","2027-09-26","Carnes Selectas","36.00","7"
[Linea 159] Rechazado por catalogo | "SUC01","SUC02","Tocino Ahumado Oscar Mayer - 250 g","910600300005","Cerdo","2027-09-30","Oscar Mayer, Foods","25.50","11"
[Linea 168] Rechazado por catalogo | "SUC01","SUC02","Lomo Res - 1 kg","910600400004","Res","2027-09-28","Carnes Premium","72.00","35"
[Linea 170] Rechazado por catalogo | "SUC01","SUC07","Carne Molida Res - 1 kg","910600400001","Res","2027-09-17","Carnes Premium","55.00","26"
[Linea 174] Rechazado por catalogo | "SUC01","SUC03","Churrasco Res - 1 kg","910600400005","Res","2027-10-03","Carnes Premium","68.25","42"
[Linea 176] Rechazado por catalogo | "SUC01","SUC04","Bistec Res - 1 kg","910600400002","Res","2027-09-22","Carnes Premium","60.75","33"
[Linea 177] Rechazado por catalogo | "SUC01","SUC04","Costilla Res - 1 kg","910600400003","Res","2027-09-26","Carnes Premium","58.50","37"
[Linea 178] Rechazado por catalogo | "SUC04","SUC03","Lomo Res - 1 kg","910600400004","Res","2027-09-30","Carnes Premium","72.00","41"
[Linea 180] Rechazado por catalogo | "SUC01","SUC04","Carne Molida Res - 1 kg","910600400001","Res","2027-09-19","Carnes Premium","55.00","32"
[Linea 181] Rechazado por catalogo | "SUC02","SUC06","Bistec Res - 1 kg","910600400002","Res","2027-09-23","Carnes Premium","60.75","36"
[Linea 183] Rechazado por catalogo | "SUC01","SUC07","Lomo Res - 1 kg","910600400004","Res","2027-10-01","Carnes Premium","72.00","44"
[Linea 187] Rechazado por catalogo | "SUC02","SUC04","Costilla Res - 1 kg","910600400003","Res","2027-09-28","Carnes Premium","58.50","43"
[Linea 189] Rechazado por catalogo | "SUC04","SUC05","Churrasco Res - 1 kg","910600400005","Res","2027-10-06","Carnes Premium","68.25","51"
[Linea 190] Rechazado por catalogo | "SUC03","SUC07","Carne Molida Res - 1 kg","910600400001","Res","2027-09-21","Carnes Premium","55.00","38"
[Linea 192] Rechazado por catalogo | "SUC05","SUC06","Costilla Res - 1 kg","910600400003","Res","2027-09-29","Carnes Premium","58.50","46"
[Linea 193] Rechazado por catalogo | "SUC04","SUC03","Lomo Res - 1 kg","910600400004","Res","2027-10-03","Carnes Premium","72.00","50"
[Linea 194] Rechazado por catalogo | "SUC01","SUC03","Churrasco Res - 1 kg","910600400005","Res","2027-10-07","Carnes Premium","68.25","54"
[Linea 195] Rechazado por catalogo | "SUC02","SUC04","Carne Molida Res - 1 kg","910600400001","Res","2027-09-22","Carnes Premium","55.00","41"
[Linea 196] Rechazado por catalogo | "SUC02","SUC04","Bistec Res - 1 kg","910600400002","Res","2027-09-26","Carnes Premium","60.75","45"
[Linea 197] Rechazado por catalogo | "SUC01","SUC03","Costilla Res - 1 kg","910600400003","Res","2027-09-30","Carnes Premium","58.50","49"
[Linea 199] Rechazado por catalogo | "SUC01","SUC02","Churrasco Res - 1 kg","910600400005","Res","2027-10-08","Carnes Premium","68.25","7"
[Linea 200] Rechazado por catalogo | "SUC01","SUC07","Carne Molida Res - 1 kg","910600400001","Res","2027-09-23","Carnes Premium","55.00","44"
[Linea 201] Rechazado por catalogo | "SUC05","SUC06","Bistec Res - 1 kg","910600400002","Res","2027-09-27","Carnes Premium","60.75","48"
[Linea 202] Rechazado por catalogo | "SUC02","SUC04","Costilla Res - 1 kg","910600400003","Res","2027-10-01","Carnes Premium","58.50","52"
[Linea 203] Rechazado por catalogo | "SUC01","SUC07","Lomo Res - 1 kg","910600400004","Res","2027-10-05","Carnes Premium","72.00","6"
[Linea 204] Rechazado por catalogo | "SUC02","SUC04","Churrasco Res - 1 kg","910600400005","Res","2027-10-09","Carnes Premium","68.25","10"
[Linea 205] Rechazado por catalogo | "SUC01","SUC02","Carne Molida Res - 1 kg","910600400001","Res","2027-09-24","Carnes Premium","55.00","47"
[Linea 206] Rechazado por catalogo | "SUC01","SUC03","Bistec Res - 1 kg","910600400002","Res","2027-09-28","Carnes Premium","60.75","51"
[Linea 207] Rechazado por catalogo | "SUC01","SUC02","Costilla Res - 1 kg","910600400003","Res","2027-10-02","Carnes Premium","58.50","5"
[Linea 208] Rechazado por catalogo | "SUC02","SUC04","Lomo Res - 1 kg","910600400004","Res","2027-10-06","Carnes Premium","72.00","9"
[Linea 209] Rechazado por catalogo | "SUC01","SUC03","Churrasco Res - 1 kg","910600400005","Res","2027-10-10","Carnes Premium","68.25","13"
[Linea 218] Rechazado por catalogo | "SUC05","SUC06","Filete Salmon - 1 kg","910600500004","Mariscos y Pescados","2027-10-08","Mariscos del Mar","85.00","37"
[Linea 220] Rechazado por catalogo | "SUC01","SUC07","Filete Tilapia Fresca - 1 kg","910600500001","Mariscos y Pescados","2027-09-27","Mariscos del Mar","45.00","28"
[Linea 227] Rechazado por catalogo | "SUC01","SUC03","Pescado Entero Mojarra - 1 kg","910600500003","Mariscos y Pescados","2027-10-06","Mariscos del Mar","38.75","39"
[Linea 229] Rechazado por catalogo | "SUC04","SUC05","Atun Fresco - 1 lb","910600500005","Mariscos y Pescados","2027-10-14","Mariscos del Mar","40.25","47"
[Linea 231] Rechazado por catalogo | "SUC04","SUC05","Camaron Mediano - 1 lb","910600500002","Mariscos y Pescados","2027-10-03","Mariscos del Mar","52.50","38"
[Linea 232] Rechazado por catalogo | "SUC04","SUC05","Pescado Entero Mojarra - 1 kg","910600500003","Mariscos y Pescados","2027-10-07","Mariscos del Mar","38.75","42"
[Linea 234] Rechazado por catalogo | "SUC01","SUC02","Atun Fresco - 1 lb","910600500005","Mariscos y Pescados","2027-10-15","Mariscos del Mar","40.25","50"
[Linea 235] Rechazado por catalogo | "SUC01","SUC03","Filete Tilapia Fresca - 1 kg","910600500001","Mariscos y Pescados","2027-09-30","Mariscos del Mar","45.00","37"
[Linea 236] Rechazado por catalogo | "SUC01","SUC02","Camaron Mediano - 1 lb","910600500002","Mariscos y Pescados","2027-10-04","Mariscos del Mar","52.50","41"
[Linea 237] Rechazado por catalogo | "SUC04","SUC05","Pescado Entero Mojarra - 1 kg","910600500003","Mariscos y Pescados","2027-10-08","Mariscos del Mar","38.75","45"
[Linea 239] Rechazado por catalogo | "SUC01","SUC03","Atun Fresco - 1 lb","910600500005","Mariscos y Pescados","2027-10-16","Mariscos del Mar","40.25","53"
[Linea 240] Rechazado por catalogo | "SUC02","SUC04","Filete Tilapia Fresca - 1 kg","910600500001","Mariscos y Pescados","2027-10-01","Mariscos del Mar","45.00","40"
[Linea 241] Rechazado por catalogo | "SUC02","SUC04","Camaron Mediano - 1 lb","910600500002","Mariscos y Pescados","2027-10-05","Mariscos del Mar","52.50","44"
[Linea 242] Rechazado por catalogo | "SUC02","SUC04","Pescado Entero Mojarra - 1 kg","910600500003","Mariscos y Pescados","2027-10-09","Mariscos del Mar","38.75","48"
[Linea 243] Rechazado por catalogo | "SUC05","SUC06","Filete Salmon - 1 kg","910600500004","Mariscos y Pescados","2027-10-13","Mariscos del Mar","85.00","52"
[Linea 244] Rechazado por catalogo | "SUC04","SUC03","Atun Fresco - 1 lb","910600500005","Mariscos y Pescados","2027-10-17","Mariscos del Mar","40.25","6"
[Linea 245] Rechazado por catalogo | "SUC01","SUC04","Filete Tilapia Fresca - 1 kg","910600500001","Mariscos y Pescados","2027-10-02","Mariscos del Mar","45.00","43"
[Linea 246] Rechazado por catalogo | "SUC04","SUC05","Camaron Mediano - 1 lb","910600500002","Mariscos y Pescados","2027-10-06","Mariscos del Mar","52.50","47"
[Linea 247] Rechazado por catalogo | "SUC01","SUC04","Pescado Entero Mojarra - 1 kg","910600500003","Mariscos y Pescados","2027-10-10","Mariscos del Mar","38.75","51"
[Linea 248] Rechazado por catalogo | "SUC02","SUC06","Filete Salmon - 1 kg","910600500004","Mariscos y Pescados","2027-10-14","Mariscos del Mar","85.00","5"
[Linea 249] Rechazado por catalogo | "SUC04","SUC03","Atun Fresco - 1 lb","910600500005","Mariscos y Pescados","2027-10-18","Mariscos del Mar","40.25","9"
[Linea 250] Rechazado por catalogo | "SUC02","SUC04","Filete Tilapia Fresca - 1 kg","910600500001","Mariscos y Pescados","2027-10-03","Mariscos del Mar","45.00","46"
[Linea 251] Rechazado por catalogo | "SUC01","SUC03","Camaron Mediano - 1 lb","910600500002","Mariscos y Pescados","2027-10-07","Mariscos del Mar","52.50","50"
[Linea 252] Rechazado por catalogo | "SUC04","SUC03","Pescado Entero Mojarra - 1 kg","910600500003","Mariscos y Pescados","2027-10-11","Mariscos del Mar","38.75","54"
[Linea 253] Rechazado por catalogo | "SUC05","SUC06","Filete Salmon - 1 kg","910600500004","Mariscos y Pescados","2027-10-15","Mariscos del Mar","85.00","8"
[Linea 254] Rechazado por catalogo | "SUC01","SUC03","Atun Fresco - 1 lb","910600500005","Mariscos y Pescados","2027-10-19","Mariscos del Mar","40.25","12"
[Linea 255] Rechazado por catalogo | "SUC01","SUC02","Filete Tilapia Fresca - 1 kg","910600500001","Mariscos y Pescados","2027-10-04","Mariscos del Mar","45.00","49"
[Linea 257] Rechazado por catalogo | "SUC01","SUC02","Pescado Entero Mojarra - 1 kg","910600500003","Mariscos y Pescados","2027-10-12","Mariscos del Mar","38.75","7"
[Linea 258] Rechazado por catalogo | "SUC01","SUC03","Filete Salmon - 1 kg","910600500004","Mariscos y Pescados","2027-10-16","Mariscos del Mar","85.00","11"
[Linea 259] Rechazado por catalogo | "SUC02","SUC04","Atun Fresco - 1 lb","910600500005","Mariscos y Pescados","2027-10-20","Mariscos del Mar","40.25","15"
[Linea 268] Rechazado por catalogo | "SUC04","SUC05","Pan Hot Dog Bimbo - 325 g","900500100004","Pan Salado","2027-08-07","Bimbo","9.75","50"
[Linea 270] Rechazado por catalogo | "SUC04","SUC05","Pan Frances Bolsa - 6 uds","900500100001","Pan Salado","2027-07-24","Panaderia Central","6.50","36"
[Linea 272] Rechazado por catalogo | "SUC04","SUC03","Pan Hamburguesa Tahona - 290 g","900500100003","Pan Salado","2027-08-03","Tahona","8.50","48"
[Linea 276] Rechazado por catalogo | "SUC04","SUC03","Pan Sandwich Blanco Bimbo - 550 g","900500100002","Pan Salado","2027-07-30","Bimbo","21.70","46"
[Linea 277] Rechazado por catalogo | "SUC01","SUC04","Pan Hamburguesa Tahona - 290 g","900500100003","Pan Salado","2027-08-04","Tahona","8.50","52"
[Linea 278] Rechazado por catalogo | "SUC02","SUC04","Pan Hot Dog Bimbo - 325 g","900500100004","Pan Salado","2027-08-09","Bimbo","9.75","58"
[Linea 279] Rechazado por catalogo | "SUC02","SUC06","Pan Integral Sinai - 600 g","900500100005","Pan Salado","2027-08-14","Sinai","14.50","64"
[Linea 281] Rechazado por catalogo | "SUC01","SUC02","Pan Sandwich Blanco Bimbo - 550 g","900500100002","Pan Salado","2027-07-31","Bimbo","21.70","50"
[Linea 282] Rechazado por catalogo | "SUC01","SUC07","Pan Hamburguesa Tahona - 290 g","900500100003","Pan Salado","2027-08-05","Tahona","8.50","56"
[Linea 284] Rechazado por catalogo | "SUC01","SUC02","Pan Integral Sinai - 600 g","900500100005","Pan Salado","2027-08-15","Sinai","14.50","68"
[Linea 286] Rechazado por catalogo | "SUC01","SUC02","Pan Sandwich Blanco Bimbo - 550 g","900500100002","Pan Salado","2027-08-01","Bimbo","21.70","54"
[Linea 287] Rechazado por catalogo | "SUC01","SUC02","Pan Hamburguesa Tahona - 290 g","900500100003","Pan Salado","2027-08-06","Tahona","8.50","60"
[Linea 289] Rechazado por catalogo | "SUC04","SUC03","Pan Integral Sinai - 600 g","900500100005","Pan Salado","2027-08-16","Sinai","14.50","72"
[Linea 290] Rechazado por catalogo | "SUC05","SUC06","Pan Frances Bolsa - 6 uds","900500100001","Pan Salado","2027-07-28","Panaderia Central","6.50","52"
[Linea 292] Rechazado por catalogo | "SUC01","SUC04","Pan Hamburguesa Tahona - 290 g","900500100003","Pan Salado","2027-08-07","Tahona","8.50","64"
[Linea 293] Rechazado por catalogo | "SUC01","SUC02","Pan Hot Dog Bimbo - 325 g","900500100004","Pan Salado","2027-08-12","Bimbo","9.75","70"
[Linea 295] Rechazado por catalogo | "SUC01","SUC03","Pan Frances Bolsa - 6 uds","900500100001","Pan Salado","2027-07-29","Panaderia Central","6.50","56"
[Linea 296] Rechazado por catalogo | "SUC01","SUC04","Pan Sandwich Blanco Bimbo - 550 g","900500100002","Pan Salado","2027-08-03","Bimbo","21.70","62"
[Linea 297] Rechazado por catalogo | "SUC01","SUC03","Pan Hamburguesa Tahona - 290 g","900500100003","Pan Salado","2027-08-08","Tahona","8.50","68"
[Linea 298] Rechazado por catalogo | "SUC01","SUC07","Pan Hot Dog Bimbo - 325 g","900500100004","Pan Salado","2027-08-13","Bimbo","9.75","74"
[Linea 299] Rechazado por catalogo | "SUC01","SUC03","Pan Integral Sinai - 600 g","900500100005","Pan Salado","2027-08-18","Sinai","14.50","80"
[Linea 300] Rechazado por catalogo | "SUC02","SUC04","Pan Frances Bolsa - 6 uds","900500100001","Pan Salado","2027-07-30","Panaderia Central","6.50","60"
[Linea 301] Rechazado por catalogo | "SUC04","SUC05","Pan Sandwich Blanco Bimbo - 550 g","900500100002","Pan Salado","2027-08-04","Bimbo","21.70","66"
[Linea 302] Rechazado por catalogo | "SUC01","SUC03","Pan Hamburguesa Tahona - 290 g","900500100003","Pan Salado","2027-08-09","Tahona","8.50","72"
[Linea 303] Rechazado por catalogo | "SUC01","SUC07","Pan Hot Dog Bimbo - 325 g","900500100004","Pan Salado","2027-08-14","Bimbo","9.75","78"
[Linea 304] Rechazado por catalogo | "SUC02","SUC04","Pan Integral Sinai - 600 g","900500100005","Pan Salado","2027-08-19","Sinai","14.50","84"
[Linea 305] Rechazado por catalogo | "SUC01","SUC07","Pan Frances Bolsa - 6 uds","900500100001","Pan Salado","2027-07-31","Panaderia Central","6.50","64"
[Linea 306] Rechazado por catalogo | "SUC01","SUC07","Pan Sandwich Blanco Bimbo - 550 g","900500100002","Pan Salado","2027-08-05","Bimbo","21.70","70"
[Linea 307] Rechazado por catalogo | "SUC01","SUC02","Pan Hamburguesa Tahona - 290 g","900500100003","Pan Salado","2027-08-10","Tahona","8.50","76"
[Linea 308] Rechazado por catalogo | "SUC01","SUC07","Pan Hot Dog Bimbo - 325 g","900500100004","Pan Salado","2027-08-15","Bimbo","9.75","82"
[Linea 309] Rechazado por catalogo | "SUC01","SUC03","Pan Integral Sinai - 600 g","900500100005","Pan Salado","2027-08-20","Sinai","14.50","18"
[Linea 320] Rechazado por catalogo | "SUC04","SUC05","Pan Dulce Conchas - 4 uds","900500200001","Pan Dulce","2027-08-08","La Popular, S.A.","12.00","39"
[Linea 321] Rechazado por catalogo | "SUC01","SUC04","Pan Dulce Donas Azucaradas - 6 uds","900500200002","Pan Dulce","2027-08-13","Dulce Vida","15.50","45"
[Linea 324] Rechazado por catalogo | "SUC03","SUC07","Pan Dulce Roles Canela - 4 uds","900500200005","Pan Dulce","2027-08-28","Sweet Bakery","16.90","63"
[Linea 326] Rechazado por catalogo | "SUC01","SUC02","Pan Dulce Donas Azucaradas - 6 uds","900500200002","Pan Dulce","2027-08-14","Dulce Vida","15.50","49"
[Linea 330] Rechazado por catalogo | "SUC01","SUC03","Pan Dulce Conchas - 4 uds","900500200001","Pan Dulce","2027-08-10","La Popular, S.A.","12.00","47"
[Linea 331] Rechazado por catalogo | "SUC01","SUC03","Pan Dulce Donas Azucaradas - 6 uds","900500200002","Pan Dulce","2027-08-15","Dulce Vida","15.50","53"
[Linea 333] Rechazado por catalogo | "SUC02","SUC04","Pan Dulce Croissant Mantequilla - 3 uds","900500200004","Pan Dulce","2027-08-25","Bimbo","18.25","65"
[Linea 335] Rechazado por catalogo | "SUC02","SUC06","Pan Dulce Conchas - 4 uds","900500200001","Pan Dulce","2027-08-11","La Popular, S.A.","12.00","51"
[Linea 336] Rechazado por catalogo | "SUC01","SUC04","Pan Dulce Donas Azucaradas - 6 uds","900500200002","Pan Dulce","2027-08-16","Dulce Vida","15.50","57"
[Linea 337] Rechazado por catalogo | "SUC03","SUC07","Pan Dulce Relleno Crema - 4 uds","900500200003","Pan Dulce","2027-08-21","Panaderia Central","14.75","63"
[Linea 338] Rechazado por catalogo | "SUC01","SUC03","Pan Dulce Croissant Mantequilla - 3 uds","900500200004","Pan Dulce","2027-08-26","Bimbo","18.25","69"
[Linea 339] Rechazado por catalogo | "SUC02","SUC04","Pan Dulce Roles Canela - 4 uds","900500200005","Pan Dulce","2027-08-31","Sweet Bakery","16.90","75"
[Linea 341] Rechazado por catalogo | "SUC02","SUC06","Pan Dulce Donas Azucaradas - 6 uds","900500200002","Pan Dulce","2027-08-17","Dulce Vida","15.50","61"
[Linea 342] Rechazado por catalogo | "SUC01","SUC04","Pan Dulce Relleno Crema - 4 uds","900500200003","Pan Dulce","2027-08-22","Panaderia Central","14.75","67"
[Linea 343] Rechazado por catalogo | "SUC04","SUC03","Pan Dulce Croissant Mantequilla - 3 uds","900500200004","Pan Dulce","2027-08-27","Bimbo","18.25","73"
[Linea 344] Rechazado por catalogo | "SUC05","SUC06","Pan Dulce Roles Canela - 4 uds","900500200005","Pan Dulce","2027-09-01","Sweet Bakery","16.90","79"
[Linea 345] Rechazado por catalogo | "SUC02","SUC06","Pan Dulce Conchas - 4 uds","900500200001","Pan Dulce","2027-08-13","La Popular, S.A.","12.00","59"
[Linea 346] Rechazado por catalogo | "SUC01","SUC07","Pan Dulce Donas Azucaradas - 6 uds","900500200002","Pan Dulce","2027-08-18","Dulce Vida","15.50","65"
[Linea 347] Rechazado por catalogo | "SUC05","SUC06","Pan Dulce Relleno Crema - 4 uds","900500200003","Pan Dulce","2027-08-23","Panaderia Central","14.75","71"
[Linea 348] Rechazado por catalogo | "SUC01","SUC02","Pan Dulce Croissant Mantequilla - 3 uds","900500200004","Pan Dulce","2027-08-28","Bimbo","18.25","77"
[Linea 349] Rechazado por catalogo | "SUC05","SUC06","Pan Dulce Roles Canela - 4 uds","900500200005","Pan Dulce","2027-09-02","Sweet Bakery","16.90","83"
[Linea 350] Rechazado por catalogo | "SUC02","SUC06","Pan Dulce Conchas - 4 uds","900500200001","Pan Dulce","2027-08-14","La Popular, S.A.","12.00","63"
[Linea 351] Rechazado por catalogo | "SUC01","SUC03","Pan Dulce Donas Azucaradas - 6 uds","900500200002","Pan Dulce","2027-08-19","Dulce Vida","15.50","69"
[Linea 352] Rechazado por catalogo | "SUC01","SUC04","Pan Dulce Relleno Crema - 4 uds","900500200003","Pan Dulce","2027-08-24","Panaderia Central","14.75","75"
[Linea 353] Rechazado por catalogo | "SUC02","SUC06","Pan Dulce Croissant Mantequilla - 3 uds","900500200004","Pan Dulce","2027-08-29","Bimbo","18.25","81"
[Linea 354] Rechazado por catalogo | "SUC01","SUC03","Pan Dulce Roles Canela - 4 uds","900500200005","Pan Dulce","2027-09-03","Sweet Bakery","16.90","17"
[Linea 355] Rechazado por catalogo | "SUC01","SUC03","Pan Dulce Conchas - 4 uds","900500200001","Pan Dulce","2027-08-15","La Popular, S.A.","12.00","67"
[Linea 357] Rechazado por catalogo | "SUC01","SUC04","Pan Dulce Relleno Crema - 4 uds","900500200003","Pan Dulce","2027-08-25","Panaderia Central","14.75","79"
[Linea 358] Rechazado por catalogo | "SUC02","SUC06","Pan Dulce Croissant Mantequilla - 3 uds","900500200004","Pan Dulce","2027-08-30","Bimbo","18.25","15"
[Linea 359] Rechazado por catalogo | "SUC02","SUC06","Pan Dulce Roles Canela - 4 uds","900500200005","Pan Dulce","2027-09-04","Sweet Bakery","16.90","21"
[Linea 371] Rechazado por catalogo | "SUC02","SUC06","Cupcake Vainilla - 6 uds","900500300002","Repostería y Pastelería","2027-08-28","Sweet Bakery","32.50","48"
[Linea 373] Rechazado por catalogo | "SUC01","SUC02","Gelatina Mosaico - 1 unidad","900500300004","Repostería y Pastelería","2027-09-07","Postres Casa","25.00","60"
[Linea 375] Rechazado por catalogo | "SUC01","SUC04","Pastel Chocolate Mediano - 1 unidad","900500300001","Repostería y Pastelería","2027-08-24","Delicias, Pasteleria","85.00","46"
[Linea 376] Rechazado por catalogo | "SUC02","SUC06","Cupcake Vainilla - 6 uds","900500300002","Repostería y Pastelería","2027-08-29","Sweet Bakery","32.50","52"
[Linea 377] Rechazado por catalogo | "SUC01","SUC04","Cheesecake Fresa - 1 unidad","900500300003","Repostería y Pastelería","2027-09-03","Dulce Vida","95.00","58"
[Linea 380] Rechazado por catalogo | "SUC04","SUC05","Pastel Chocolate Mediano - 1 unidad","900500300001","Repostería y Pastelería","2027-08-25","Delicias, Pasteleria","85.00","50"
[Linea 382] Rechazado por catalogo | "SUC01","SUC02","Cheesecake Fresa - 1 unidad","900500300003","Repostería y Pastelería","2027-09-04","Dulce Vida","95.00","62"
[Linea 383] Rechazado por catalogo | "SUC01","SUC03","Gelatina Mosaico - 1 unidad","900500300004","Repostería y Pastelería","2027-09-09","Postres Casa","25.00","68"
[Linea 384] Rechazado por catalogo | "SUC01","SUC03","Brownie Chocolate - 4 uds","900500300005","Repostería y Pastelería","2027-09-14","La Popular, S.A.","28.75","74"
[Linea 385] Rechazado por catalogo | "SUC01","SUC04","Pastel Chocolate Mediano - 1 unidad","900500300001","Repostería y Pastelería","2027-08-26","Delicias, Pasteleria","85.00","54"
[Linea 386] Rechazado por catalogo | "SUC05","SUC06","Cupcake Vainilla - 6 uds","900500300002","Repostería y Pastelería","2027-08-31","Sweet Bakery","32.50","60"
[Linea 387] Rechazado por catalogo | "SUC01","SUC02","Cheesecake Fresa - 1 unidad","900500300003","Repostería y Pastelería","2027-09-05","Dulce Vida","95.00","66"
[Linea 389] Rechazado por catalogo | "SUC01","SUC07","Brownie Chocolate - 4 uds","900500300005","Repostería y Pastelería","2027-09-15","La Popular, S.A.","28.75","78"
[Linea 390] Rechazado por catalogo | "SUC05","SUC06","Pastel Chocolate Mediano - 1 unidad","900500300001","Repostería y Pastelería","2027-08-27","Delicias, Pasteleria","85.00","58"
[Linea 393] Rechazado por catalogo | "SUC01","SUC04","Gelatina Mosaico - 1 unidad","900500300004","Repostería y Pastelería","2027-09-11","Postres Casa","25.00","76"
[Linea 394] Rechazado por catalogo | "SUC01","SUC02","Brownie Chocolate - 4 uds","900500300005","Repostería y Pastelería","2027-09-16","La Popular, S.A.","28.75","82"
[Linea 397] Rechazado por catalogo | "SUC01","SUC02","Cheesecake Fresa - 1 unidad","900500300003","Repostería y Pastelería","2027-09-07","Dulce Vida","95.00","74"
[Linea 398] Rechazado por catalogo | "SUC03","SUC07","Gelatina Mosaico - 1 unidad","900500300004","Repostería y Pastelería","2027-09-12","Postres Casa","25.00","80"
[Linea 399] Rechazado por catalogo | "SUC02","SUC04","Brownie Chocolate - 4 uds","900500300005","Repostería y Pastelería","2027-09-17","La Popular, S.A.","28.75","16"
[Linea 400] Rechazado por catalogo | "SUC02","SUC04","Pastel Chocolate Mediano - 1 unidad","900500300001","Repostería y Pastelería","2027-08-29","Delicias, Pasteleria","85.00","66"
[Linea 401] Rechazado por catalogo | "SUC01","SUC03","Cupcake Vainilla - 6 uds","900500300002","Repostería y Pastelería","2027-09-03","Sweet Bakery","32.50","72"
[Linea 402] Rechazado por catalogo | "SUC03","SUC07","Cheesecake Fresa - 1 unidad","900500300003","Repostería y Pastelería","2027-09-08","Dulce Vida","95.00","78"
[Linea 405] Rechazado por catalogo | "SUC01","SUC07","Pastel Chocolate Mediano - 1 unidad","900500300001","Repostería y Pastelería","2027-08-30","Delicias, Pasteleria","85.00","70"
[Linea 406] Rechazado por catalogo | "SUC01","SUC04","Cupcake Vainilla - 6 uds","900500300002","Repostería y Pastelería","2027-09-04","Sweet Bakery","32.50","76"
[Linea 407] Rechazado por catalogo | "SUC02","SUC04","Cheesecake Fresa - 1 unidad","900500300003","Repostería y Pastelería","2027-09-09","Dulce Vida","95.00","82"
[Linea 408] Rechazado por catalogo | "SUC01","SUC04","Gelatina Mosaico - 1 unidad","900500300004","Repostería y Pastelería","2027-09-14","Postres Casa","25.00","18"
[Linea 409] Rechazado por catalogo | "SUC01","SUC04","Brownie Chocolate - 4 uds","900500300005","Repostería y Pastelería","2027-09-19","La Popular, S.A.","28.75","24"
[Linea 417] Rechazado por catalogo | "SUC01","SUC04","Tortilla Harina Burrito - 10 uds","900500400003","Tortillería","2027-09-16","Mission","22.00","53"
[Linea 419] Rechazado por catalogo | "SUC04","SUC05","Tortilla Chips Naturales - 200 g","900500400005","Tortillería","2027-09-26","Tostitos, Snacks","18.50","65"
[Linea 424] Rechazado por catalogo | "SUC04","SUC03","Tortilla Chips Naturales - 200 g","900500400005","Tortillería","2027-09-27","Tostitos, Snacks","18.50","69"
[Linea 426] Rechazado por catalogo | "SUC02","SUC06","Tortilla Maiz Taquera - 500 g","900500400002","Tortillería","2027-09-13","Doña Maria","10.50","55"
[Linea 427] Rechazado por catalogo | "SUC02","SUC04","Tortilla Harina Burrito - 10 uds","900500400003","Tortillería","2027-09-18","Mission","22.00","61"
[Linea 428] Rechazado por catalogo | "SUC02","SUC04","Tortilla Harina Integral - 8 uds","900500400004","Tortillería","2027-09-23","Mission","20.75","67"
[Linea 430] Rechazado por catalogo | "SUC02","SUC04","Tortilla Maiz Tradicional - 1 kg","900500400001","Tortillería","2027-09-09","Doña Maria","18.00","53"
[Linea 431] Rechazado por catalogo | "SUC04","SUC05","Tortilla Maiz Taquera - 500 g","900500400002","Tortillería","2027-09-14","Doña Maria","10.50","59"
[Linea 433] Rechazado por catalogo | "SUC02","SUC06","Tortilla Harina Integral - 8 uds","900500400004","Tortillería","2027-09-24","Mission","20.75","71"
[Linea 434] Rechazado por catalogo | "SUC01","SUC03","Tortilla Chips Naturales - 200 g","900500400005","Tortillería","2027-09-29","Tostitos, Snacks","18.50","77"
[Linea 435] Rechazado por catalogo | "SUC02","SUC06","Tortilla Maiz Tradicional - 1 kg","900500400001","Tortillería","2027-09-10","Doña Maria","18.00","57"
[Linea 440] Rechazado por catalogo | "SUC03","SUC07","Tortilla Maiz Tradicional - 1 kg","900500400001","Tortillería","2027-09-11","Doña Maria","18.00","61"
[Linea 441] Rechazado por catalogo | "SUC01","SUC02","Tortilla Maiz Taquera - 500 g","900500400002","Tortillería","2027-09-16","Doña Maria","10.50","67"
[Linea 442] Rechazado por catalogo | "SUC01","SUC03","Tortilla Harina Burrito - 10 uds","900500400003","Tortillería","2027-09-21","Mission","22.00","73"
[Linea 443] Rechazado por catalogo | "SUC02","SUC06","Tortilla Harina Integral - 8 uds","900500400004","Tortillería","2027-09-26","Mission","20.75","79"
[Linea 444] Rechazado por catalogo | "SUC01","SUC04","Tortilla Chips Naturales - 200 g","900500400005","Tortillería","2027-10-01","Tostitos, Snacks","18.50","15"
[Linea 445] Rechazado por catalogo | "SUC01","SUC07","Tortilla Maiz Tradicional - 1 kg","900500400001","Tortillería","2027-09-12","Doña Maria","18.00","65"
[Linea 446] Rechazado por catalogo | "SUC02","SUC06","Tortilla Maiz Taquera - 500 g","900500400002","Tortillería","2027-09-17","Doña Maria","10.50","71"
[Linea 447] Rechazado por catalogo | "SUC01","SUC02","Tortilla Harina Burrito - 10 uds","900500400003","Tortillería","2027-09-22","Mission","22.00","77"
[Linea 448] Rechazado por catalogo | "SUC01","SUC03","Tortilla Harina Integral - 8 uds","900500400004","Tortillería","2027-09-27","Mission","20.75","83"
[Linea 449] Rechazado por catalogo | "SUC01","SUC07","Tortilla Chips Naturales - 200 g","900500400005","Tortillería","2027-10-02","Tostitos, Snacks","18.50","19"
[Linea 450] Rechazado por catalogo | "SUC04","SUC05","Tortilla Maiz Tradicional - 1 kg","900500400001","Tortillería","2027-09-13","Doña Maria","18.00","69"
[Linea 451] Rechazado por catalogo | "SUC03","SUC07","Tortilla Maiz Taquera - 500 g","900500400002","Tortillería","2027-09-18","Doña Maria","10.50","75"
[Linea 452] Rechazado por catalogo | "SUC03","SUC07","Tortilla Harina Burrito - 10 uds","900500400003","Tortillería","2027-09-23","Mission","22.00","81"
[Linea 453] Rechazado por catalogo | "SUC04","SUC05","Tortilla Harina Integral - 8 uds","900500400004","Tortillería","2027-09-28","Mission","20.75","17"
[Linea 454] Rechazado por catalogo | "SUC01","SUC07","Tortilla Chips Naturales - 200 g","900500400005","Tortillería","2027-10-03","Tostitos, Snacks","18.50","23"
[Linea 456] Rechazado por catalogo | "SUC01","SUC03","Tortilla Maiz Taquera - 500 g","900500400002","Tortillería","2027-09-19","Doña Maria","10.50","79"
[Linea 458] Rechazado por catalogo | "SUC01","SUC07","Tortilla Harina Integral - 8 uds","900500400004","Tortillería","2027-09-29","Mission","20.75","21"
[Linea 471] Rechazado por catalogo | "SUC01","SUC07","Alimento Seco Pedigree Adulto - 2 kg","890400100002","Alimento seco para Perros","2027-07-06","Pedigree","62.50","40"
[Linea 472] Rechazado por catalogo | "SUC03","SUC07","Alimento Seco Rufo Adulto - 4 kg","890400100003","Alimento seco para Perros","2027-07-13","Rufo","58.00","46"
[Linea 473] Rechazado por catalogo | "SUC01","SUC03","Alimento Seco Fiel Amigo Adulto - 2 kg","890400100004","Alimento seco para Perros","2027-07-20","Fiel Amigo","48.75","52"
[Linea 475] Rechazado por catalogo | "SUC05","SUC06","Alimento Seco Dog Chow Adulto - 2 kg","890400100001","Alimento seco para Perros","2027-06-30","Purina, Dog Chow","65.00","39"
[Linea 476] Rechazado por catalogo | "SUC02","SUC06","Alimento Seco Pedigree Adulto - 2 kg","890400100002","Alimento seco para Perros","2027-07-07","Pedigree","62.50","45"
[Linea 477] Rechazado por catalogo | "SUC04","SUC05","Alimento Seco Rufo Adulto - 4 kg","890400100003","Alimento seco para Perros","2027-07-14","Rufo","58.00","51"
[Linea 480] Rechazado por catalogo | "SUC02","SUC06","Alimento Seco Dog Chow Adulto - 2 kg","890400100001","Alimento seco para Perros","2027-07-01","Purina, Dog Chow","65.00","44"
[Linea 484] Rechazado por catalogo | "SUC04","SUC05","Alimento Seco Pro Plan Cachorro - 1.5 kg","890400100005","Alimento seco para Perros","2027-07-29","Purina, Pro Plan","85.00","68"
[Linea 486] Rechazado por catalogo | "SUC01","SUC04","Alimento Seco Pedigree Adulto - 2 kg","890400100002","Alimento seco para Perros","2027-07-09","Pedigree","62.50","55"
[Linea 487] Rechazado por catalogo | "SUC01","SUC07","Alimento Seco Rufo Adulto - 4 kg","890400100003","Alimento seco para Perros","2027-07-16","Rufo","58.00","61"
[Linea 488] Rechazado por catalogo | "SUC01","SUC07","Alimento Seco Fiel Amigo Adulto - 2 kg","890400100004","Alimento seco para Perros","2027-07-23","Fiel Amigo","48.75","67"
[Linea 489] Rechazado por catalogo | "SUC02","SUC06","Alimento Seco Pro Plan Cachorro - 1.5 kg","890400100005","Alimento seco para Perros","2027-07-30","Purina, Pro Plan","85.00","73"
[Linea 490] Rechazado por catalogo | "SUC04","SUC05","Alimento Seco Dog Chow Adulto - 2 kg","890400100001","Alimento seco para Perros","2027-07-03","Purina, Dog Chow","65.00","54"
[Linea 491] Rechazado por catalogo | "SUC05","SUC06","Alimento Seco Pedigree Adulto - 2 kg","890400100002","Alimento seco para Perros","2027-07-10","Pedigree","62.50","60"
[Linea 492] Rechazado por catalogo | "SUC01","SUC02","Alimento Seco Rufo Adulto - 4 kg","890400100003","Alimento seco para Perros","2027-07-17","Rufo","58.00","66"
[Linea 493] Rechazado por catalogo | "SUC02","SUC06","Alimento Seco Fiel Amigo Adulto - 2 kg","890400100004","Alimento seco para Perros","2027-07-24","Fiel Amigo","48.75","72"
[Linea 494] Rechazado por catalogo | "SUC02","SUC06","Alimento Seco Pro Plan Cachorro - 1.5 kg","890400100005","Alimento seco para Perros","2027-07-31","Purina, Pro Plan","85.00","78"
[Linea 495] Rechazado por catalogo | "SUC02","SUC04","Alimento Seco Dog Chow Adulto - 2 kg","890400100001","Alimento seco para Perros","2027-07-04","Purina, Dog Chow","65.00","59"
[Linea 497] Rechazado por catalogo | "SUC01","SUC07","Alimento Seco Rufo Adulto - 4 kg","890400100003","Alimento seco para Perros","2027-07-18","Rufo","58.00","71"
[Linea 498] Rechazado por catalogo | "SUC01","SUC07","Alimento Seco Fiel Amigo Adulto - 2 kg","890400100004","Alimento seco para Perros","2027-07-25","Fiel Amigo","48.75","77"
[Linea 500] Rechazado por catalogo | "SUC04","SUC03","Alimento Seco Dog Chow Adulto - 2 kg","890400100001","Alimento seco para Perros","2027-07-05","Purina, Dog Chow","65.00","64"
[Linea 501] Rechazado por catalogo | "SUC04","SUC03","Alimento Seco Pedigree Adulto - 2 kg","890400100002","Alimento seco para Perros","2027-07-12","Pedigree","62.50","70"
[Linea 502] Rechazado por catalogo | "SUC04","SUC03","Alimento Seco Rufo Adulto - 4 kg","890400100003","Alimento seco para Perros","2027-07-19","Rufo","58.00","76"
[Linea 503] Rechazado por catalogo | "SUC02","SUC04","Alimento Seco Fiel Amigo Adulto - 2 kg","890400100004","Alimento seco para Perros","2027-07-26","Fiel Amigo","48.75","12"
[Linea 504] Rechazado por catalogo | "SUC05","SUC06","Alimento Seco Pro Plan Cachorro - 1.5 kg","890400100005","Alimento seco para Perros","2027-08-02","Purina, Pro Plan","85.00","18"
[Linea 505] Rechazado por catalogo | "SUC04","SUC03","Alimento Seco Dog Chow Adulto - 2 kg","890400100001","Alimento seco para Perros","2027-07-06","Purina, Dog Chow","65.00","69"
[Linea 506] Rechazado por catalogo | "SUC01","SUC04","Alimento Seco Pedigree Adulto - 2 kg","890400100002","Alimento seco para Perros","2027-07-13","Pedigree","62.50","75"
[Linea 507] Rechazado por catalogo | "SUC01","SUC03","Alimento Seco Rufo Adulto - 4 kg","890400100003","Alimento seco para Perros","2027-07-20","Rufo","58.00","11"
[Linea 508] Rechazado por catalogo | "SUC02","SUC06","Alimento Seco Fiel Amigo Adulto - 2 kg","890400100004","Alimento seco para Perros","2027-07-27","Fiel Amigo","48.75","17"
[Linea 509] Rechazado por catalogo | "SUC05","SUC06","Alimento Seco Pro Plan Cachorro - 1.5 kg","890400100005","Alimento seco para Perros","2027-08-03","Purina, Pro Plan","85.00","23"
[Linea 517] Rechazado por catalogo | "SUC01","SUC04","Alimento Seco Cat Chow - 1 kg","890400200003","Alimento seco para Gatos","2027-07-30","Purina, Cat Chow","35.50","44"
[Linea 520] Rechazado por catalogo | "SUC02","SUC04","Alimento Seco Gati Adulto - 1 kg","890400200001","Alimento seco para Gatos","2027-07-17","Gati","30.00","37"
[Linea 522] Rechazado por catalogo | "SUC01","SUC07","Alimento Seco Cat Chow - 1 kg","890400200003","Alimento seco para Gatos","2027-07-31","Purina, Cat Chow","35.50","49"
[Linea 523] Rechazado por catalogo | "SUC01","SUC03","Alimento Seco Don Gato Adulto - 2 kg","890400200004","Alimento seco para Gatos","2027-08-07","Don Gato","55.00","55"
[Linea 529] Rechazado por catalogo | "SUC04","SUC03","Alimento Seco Pro Plan Gato - 1 kg","890400200005","Alimento seco para Gatos","2027-08-15","Purina, Pro Plan","68.75","66"
[Linea 530] Rechazado por catalogo | "SUC04","SUC05","Alimento Seco Gati Adulto - 1 kg","890400200001","Alimento seco para Gatos","2027-07-19","Gati","30.00","47"
[Linea 531] Rechazado por catalogo | "SUC02","SUC04","Alimento Seco Whiskas Adulto - 1.5 kg","890400200002","Alimento seco para Gatos","2027-07-26","Whiskas","42.00","53"
[Linea 532] Rechazado por catalogo | "SUC01","SUC04","Alimento Seco Cat Chow - 1 kg","890400200003","Alimento seco para Gatos","2027-08-02","Purina, Cat Chow","35.50","59"
[Linea 533] Rechazado por catalogo | "SUC01","SUC02","Alimento Seco Don Gato Adulto - 2 kg","890400200004","Alimento seco para Gatos","2027-08-09","Don Gato","55.00","65"
[Linea 534] Rechazado por catalogo | "SUC01","SUC03","Alimento Seco Pro Plan Gato - 1 kg","890400200005","Alimento seco para Gatos","2027-08-16","Purina, Pro Plan","68.75","71"
[Linea 535] Rechazado por catalogo | "SUC04","SUC05","Alimento Seco Gati Adulto - 1 kg","890400200001","Alimento seco para Gatos","2027-07-20","Gati","30.00","52"
[Linea 536] Rechazado por catalogo | "SUC02","SUC04","Alimento Seco Whiskas Adulto - 1.5 kg","890400200002","Alimento seco para Gatos","2027-07-27","Whiskas","42.00","58"
[Linea 537] Rechazado por catalogo | "SUC01","SUC04","Alimento Seco Cat Chow - 1 kg","890400200003","Alimento seco para Gatos","2027-08-03","Purina, Cat Chow","35.50","64"
[Linea 539] Rechazado por catalogo | "SUC04","SUC03","Alimento Seco Pro Plan Gato - 1 kg","890400200005","Alimento seco para Gatos","2027-08-17","Purina, Pro Plan","68.75","76"
[Linea 540] Rechazado por catalogo | "SUC01","SUC02","Alimento Seco Gati Adulto - 1 kg","890400200001","Alimento seco para Gatos","2027-07-21","Gati","30.00","57"
[Linea 542] Rechazado por catalogo | "SUC02","SUC04","Alimento Seco Cat Chow - 1 kg","890400200003","Alimento seco para Gatos","2027-08-04","Purina, Cat Chow","35.50","69"
[Linea 543] Rechazado por catalogo | "SUC01","SUC03","Alimento Seco Don Gato Adulto - 2 kg","890400200004","Alimento seco para Gatos","2027-08-11","Don Gato","55.00","75"
[Linea 544] Rechazado por catalogo | "SUC04","SUC03","Alimento Seco Pro Plan Gato - 1 kg","890400200005","Alimento seco para Gatos","2027-08-18","Purina, Pro Plan","68.75","11"
[Linea 545] Rechazado por catalogo | "SUC01","SUC04","Alimento Seco Gati Adulto - 1 kg","890400200001","Alimento seco para Gatos","2027-07-22","Gati","30.00","62"
[Linea 546] Rechazado por catalogo | "SUC04","SUC03","Alimento Seco Whiskas Adulto - 1.5 kg","890400200002","Alimento seco para Gatos","2027-07-29","Whiskas","42.00","68"
[Linea 548] Rechazado por catalogo | "SUC05","SUC06","Alimento Seco Don Gato Adulto - 2 kg","890400200004","Alimento seco para Gatos","2027-08-12","Don Gato","55.00","10"
[Linea 549] Rechazado por catalogo | "SUC01","SUC07","Alimento Seco Pro Plan Gato - 1 kg","890400200005","Alimento seco para Gatos","2027-08-19","Purina, Pro Plan","68.75","16"
[Linea 551] Rechazado por catalogo | "SUC04","SUC03","Alimento Seco Whiskas Adulto - 1.5 kg","890400200002","Alimento seco para Gatos","2027-07-30","Whiskas","42.00","73"
[Linea 552] Rechazado por catalogo | "SUC01","SUC07","Alimento Seco Cat Chow - 1 kg","890400200003","Alimento seco para Gatos","2027-08-06","Purina, Cat Chow","35.50","79"
[Linea 553] Rechazado por catalogo | "SUC05","SUC06","Alimento Seco Don Gato Adulto - 2 kg","890400200004","Alimento seco para Gatos","2027-08-13","Don Gato","55.00","15"
[Linea 554] Rechazado por catalogo | "SUC04","SUC05","Alimento Seco Pro Plan Gato - 1 kg","890400200005","Alimento seco para Gatos","2027-08-20","Purina, Pro Plan","68.75","21"
[Linea 556] Rechazado por catalogo | "SUC04","SUC03","Alimento Seco Whiskas Adulto - 1.5 kg","890400200002","Alimento seco para Gatos","2027-07-31","Whiskas","42.00","78"
[Linea 557] Rechazado por catalogo | "SUC01","SUC04","Alimento Seco Cat Chow - 1 kg","890400200003","Alimento seco para Gatos","2027-08-07","Purina, Cat Chow","35.50","14"
[Linea 558] Rechazado por catalogo | "SUC04","SUC03","Alimento Seco Don Gato Adulto - 2 kg","890400200004","Alimento seco para Gatos","2027-08-14","Don Gato","55.00","20"
[Linea 559] Rechazado por catalogo | "SUC04","SUC03","Alimento Seco Pro Plan Gato - 1 kg","890400200005","Alimento seco para Gatos","2027-08-21","Purina, Pro Plan","68.75","26"
[Linea 565] Rechazado por catalogo | "SUC02","SUC04","Alimento Humedo Pedigree Res - 375 g","890400300001","Alimento Húmedo Para Perros","2027-08-03","Pedigree","12.50","35"
[Linea 566] Rechazado por catalogo | "SUC02","SUC06","Alimento Humedo Dog Chow Pollo - 375 g","890400300002","Alimento Húmedo Para Perros","2027-08-10","Purina, Dog Chow","11.75","41"
[Linea 570] Rechazado por catalogo | "SUC02","SUC04","Alimento Humedo Pedigree Res - 375 g","890400300001","Alimento Húmedo Para Perros","2027-08-04","Pedigree","12.50","40"
[Linea 571] Rechazado por catalogo | "SUC02","SUC06","Alimento Humedo Dog Chow Pollo - 375 g","890400300002","Alimento Húmedo Para Perros","2027-08-11","Purina, Dog Chow","11.75","46"
[Linea 579] Rechazado por catalogo | "SUC04","SUC05","Alimento Humedo Pro Plan Lata - 368 g","890400300005","Alimento Húmedo Para Perros","2027-09-02","Purina, Pro Plan","15.50","69"
[Linea 580] Rechazado por catalogo | "SUC01","SUC04","Alimento Humedo Pedigree Res - 375 g","890400300001","Alimento Húmedo Para Perros","2027-08-06","Pedigree","12.50","50"
[Linea 581] Rechazado por catalogo | "SUC02","SUC04","Alimento Humedo Dog Chow Pollo - 375 g","890400300002","Alimento Húmedo Para Perros","2027-08-13","Purina, Dog Chow","11.75","56"
[Linea 582] Rechazado por catalogo | "SUC01","SUC03","Alimento Humedo Rufo Carne - 300 g","890400300003","Alimento Húmedo Para Perros","2027-08-20","Rufo","10.25","62"
[Linea 584] Rechazado por catalogo | "SUC04","SUC05","Alimento Humedo Pro Plan Lata - 368 g","890400300005","Alimento Húmedo Para Perros","2027-09-03","Purina, Pro Plan","15.50","74"
[Linea 587] Rechazado por catalogo | "SUC04","SUC03","Alimento Humedo Rufo Carne - 300 g","890400300003","Alimento Húmedo Para Perros","2027-08-21","Rufo","10.25","67"
[Linea 588] Rechazado por catalogo | "SUC04","SUC05","Alimento Humedo Fiel Amigo Mix - 350 g","890400300004","Alimento Húmedo Para Perros","2027-08-28","Fiel Amigo","9.90","73"
[Linea 590] Rechazado por catalogo | "SUC02","SUC04","Alimento Humedo Pedigree Res - 375 g","890400300001","Alimento Húmedo Para Perros","2027-08-08","Pedigree","12.50","60"
[Linea 592] Rechazado por catalogo | "SUC04","SUC05","Alimento Humedo Rufo Carne - 300 g","890400300003","Alimento Húmedo Para Perros","2027-08-22","Rufo","10.25","72"
[Linea 593] Rechazado por catalogo | "SUC01","SUC07","Alimento Humedo Fiel Amigo Mix - 350 g","890400300004","Alimento Húmedo Para Perros","2027-08-29","Fiel Amigo","9.90","78"
[Linea 594] Rechazado por catalogo | "SUC01","SUC02","Alimento Humedo Pro Plan Lata - 368 g","890400300005","Alimento Húmedo Para Perros","2027-09-05","Purina, Pro Plan","15.50","14"
[Linea 595] Rechazado por catalogo | "SUC01","SUC07","Alimento Humedo Pedigree Res - 375 g","890400300001","Alimento Húmedo Para Perros","2027-08-09","Pedigree","12.50","65"
[Linea 596] Rechazado por catalogo | "SUC04","SUC05","Alimento Humedo Dog Chow Pollo - 375 g","890400300002","Alimento Húmedo Para Perros","2027-08-16","Purina, Dog Chow","11.75","71"
[Linea 597] Rechazado por catalogo | "SUC04","SUC03","Alimento Humedo Rufo Carne - 300 g","890400300003","Alimento Húmedo Para Perros","2027-08-23","Rufo","10.25","77"
[Linea 598] Rechazado por catalogo | "SUC01","SUC02","Alimento Humedo Fiel Amigo Mix - 350 g","890400300004","Alimento Húmedo Para Perros","2027-08-30","Fiel Amigo","9.90","13"
[Linea 600] Rechazado por catalogo | "SUC02","SUC06","Alimento Humedo Pedigree Res - 375 g","890400300001","Alimento Húmedo Para Perros","2027-08-10","Pedigree","12.50","70"
[Linea 601] Rechazado por catalogo | "SUC04","SUC05","Alimento Humedo Dog Chow Pollo - 375 g","890400300002","Alimento Húmedo Para Perros","2027-08-17","Purina, Dog Chow","11.75","76"
[Linea 602] Rechazado por catalogo | "SUC04","SUC05","Alimento Humedo Rufo Carne - 300 g","890400300003","Alimento Húmedo Para Perros","2027-08-24","Rufo","10.25","12"
[Linea 603] Rechazado por catalogo | "SUC05","SUC06","Alimento Humedo Fiel Amigo Mix - 350 g","890400300004","Alimento Húmedo Para Perros","2027-08-31","Fiel Amigo","9.90","18"
[Linea 604] Rechazado por catalogo | "SUC05","SUC06","Alimento Humedo Pro Plan Lata - 368 g","890400300005","Alimento Húmedo Para Perros","2027-09-07","Purina, Pro Plan","15.50","24"
[Linea 605] Rechazado por catalogo | "SUC01","SUC07","Alimento Humedo Pedigree Res - 375 g","890400300001","Alimento Húmedo Para Perros","2027-08-11","Pedigree","12.50","75"
[Linea 606] Rechazado por catalogo | "SUC02","SUC04","Alimento Humedo Dog Chow Pollo - 375 g","890400300002","Alimento Húmedo Para Perros","2027-08-18","Purina, Dog Chow","11.75","11"
[Linea 607] Rechazado por catalogo | "SUC04","SUC03","Alimento Humedo Rufo Carne - 300 g","890400300003","Alimento Húmedo Para Perros","2027-08-25","Rufo","10.25","17"
[Linea 608] Rechazado por catalogo | "SUC02","SUC04","Alimento Humedo Fiel Amigo Mix - 350 g","890400300004","Alimento Húmedo Para Perros","2027-09-01","Fiel Amigo","9.90","23"
[Linea 609] Rechazado por catalogo | "SUC02","SUC06","Alimento Humedo Pro Plan Lata - 368 g","890400300005","Alimento Húmedo Para Perros","2027-09-08","Purina, Pro Plan","15.50","29"
[Linea 615] Rechazado por catalogo | "SUC04","SUC05","Alimento Humedo Whiskas Salmon - 85 g","890400400001","Alimento Húmedo Para Gatos","2027-08-21","Whiskas","6.75","38"
[Linea 621] Rechazado por catalogo | "SUC01","SUC02","Alimento Humedo Cat Chow Pollo - 85 g","890400400002","Alimento Húmedo Para Gatos","2027-08-29","Purina, Cat Chow","6.25","49"
[Linea 622] Rechazado por catalogo | "SUC04","SUC05","Alimento Humedo Gati Carne - 85 g","890400400003","Alimento Húmedo Para Gatos","2027-09-05","Gati","5.90","55"
[Linea 623] Rechazado por catalogo | "SUC01","SUC07","Alimento Humedo Don Gato Mix - 85 g","890400400004","Alimento Húmedo Para Gatos","2027-09-12","Don Gato","5.75","61"
[Linea 624] Rechazado por catalogo | "SUC01","SUC07","Alimento Humedo Pro Plan Gato - 85 g","890400400005","Alimento Húmedo Para Gatos","2027-09-19","Purina, Pro Plan","8.50","67"
[Linea 626] Rechazado por catalogo | "SUC01","SUC03","Alimento Humedo Cat Chow Pollo - 85 g","890400400002","Alimento Húmedo Para Gatos","2027-08-30","Purina, Cat Chow","6.25","54"
[Linea 627] Rechazado por catalogo | "SUC04","SUC05","Alimento Humedo Gati Carne - 85 g","890400400003","Alimento Húmedo Para Gatos","2027-09-06","Gati","5.90","60"
[Linea 628] Rechazado por catalogo | "SUC01","SUC04","Alimento Humedo Don Gato Mix - 85 g","890400400004","Alimento Húmedo Para Gatos","2027-09-13","Don Gato","5.75","66"
[Linea 630] Rechazado por catalogo | "SUC01","SUC04","Alimento Humedo Whiskas Salmon - 85 g","890400400001","Alimento Húmedo Para Gatos","2027-08-24","Whiskas","6.75","53"
[Linea 631] Rechazado por catalogo | "SUC01","SUC02","Alimento Humedo Cat Chow Pollo - 85 g","890400400002","Alimento Húmedo Para Gatos","2027-08-31","Purina, Cat Chow","6.25","59"
[Linea 633] Rechazado por catalogo | "SUC04","SUC05","Alimento Humedo Don Gato Mix - 85 g","890400400004","Alimento Húmedo Para Gatos","2027-09-14","Don Gato","5.75","71"
[Linea 634] Rechazado por catalogo | "SUC03","SUC07","Alimento Humedo Pro Plan Gato - 85 g","890400400005","Alimento Húmedo Para Gatos","2027-09-21","Purina, Pro Plan","8.50","77"
[Linea 636] Rechazado por catalogo | "SUC04","SUC03","Alimento Humedo Cat Chow Pollo - 85 g","890400400002","Alimento Húmedo Para Gatos","2027-09-01","Purina, Cat Chow","6.25","64"
[Linea 639] Rechazado por catalogo | "SUC04","SUC05","Alimento Humedo Pro Plan Gato - 85 g","890400400005","Alimento Húmedo Para Gatos","2027-09-22","Purina, Pro Plan","8.50","12"
[Linea 640] Rechazado por catalogo | "SUC02","SUC06","Alimento Humedo Whiskas Salmon - 85 g","890400400001","Alimento Húmedo Para Gatos","2027-08-26","Whiskas","6.75","63"
[Linea 641] Rechazado por catalogo | "SUC04","SUC05","Alimento Humedo Cat Chow Pollo - 85 g","890400400002","Alimento Húmedo Para Gatos","2027-09-02","Purina, Cat Chow","6.25","69"
[Linea 642] Rechazado por catalogo | "SUC02","SUC06","Alimento Humedo Gati Carne - 85 g","890400400003","Alimento Húmedo Para Gatos","2027-09-09","Gati","5.90","75"
[Linea 643] Rechazado por catalogo | "SUC01","SUC03","Alimento Humedo Don Gato Mix - 85 g","890400400004","Alimento Húmedo Para Gatos","2027-09-16","Don Gato","5.75","11"
[Linea 644] Rechazado por catalogo | "SUC04","SUC03","Alimento Humedo Pro Plan Gato - 85 g","890400400005","Alimento Húmedo Para Gatos","2027-09-23","Purina, Pro Plan","8.50","17"
[Linea 645] Rechazado por catalogo | "SUC01","SUC02","Alimento Humedo Whiskas Salmon - 85 g","890400400001","Alimento Húmedo Para Gatos","2027-08-27","Whiskas","6.75","68"
[Linea 647] Rechazado por catalogo | "SUC01","SUC02","Alimento Humedo Gati Carne - 85 g","890400400003","Alimento Húmedo Para Gatos","2027-09-10","Gati","5.90","10"
[Linea 648] Rechazado por catalogo | "SUC03","SUC07","Alimento Humedo Don Gato Mix - 85 g","890400400004","Alimento Húmedo Para Gatos","2027-09-17","Don Gato","5.75","16"
[Linea 650] Rechazado por catalogo | "SUC01","SUC03","Alimento Humedo Whiskas Salmon - 85 g","890400400001","Alimento Húmedo Para Gatos","2027-08-28","Whiskas","6.75","73"
[Linea 651] Rechazado por catalogo | "SUC01","SUC02","Alimento Humedo Cat Chow Pollo - 85 g","890400400002","Alimento Húmedo Para Gatos","2027-09-04","Purina, Cat Chow","6.25","79"
[Linea 652] Rechazado por catalogo | "SUC01","SUC02","Alimento Humedo Gati Carne - 85 g","890400400003","Alimento Húmedo Para Gatos","2027-09-11","Gati","5.90","15"
[Linea 654] Rechazado por catalogo | "SUC02","SUC04","Alimento Humedo Pro Plan Gato - 85 g","890400400005","Alimento Húmedo Para Gatos","2027-09-25","Purina, Pro Plan","8.50","27"
[Linea 655] Rechazado por catalogo | "SUC01","SUC02","Alimento Humedo Whiskas Salmon - 85 g","890400400001","Alimento Húmedo Para Gatos","2027-08-29","Whiskas","6.75","78"
[Linea 656] Rechazado por catalogo | "SUC01","SUC07","Alimento Humedo Cat Chow Pollo - 85 g","890400400002","Alimento Húmedo Para Gatos","2027-09-05","Purina, Cat Chow","6.25","14"
[Linea 657] Rechazado por catalogo | "SUC01","SUC04","Alimento Humedo Gati Carne - 85 g","890400400003","Alimento Húmedo Para Gatos","2027-09-12","Gati","5.90","20"
[Linea 658] Rechazado por catalogo | "SUC02","SUC04","Alimento Humedo Don Gato Mix - 85 g","890400400004","Alimento Húmedo Para Gatos","2027-09-19","Don Gato","5.75","26"
[Linea 659] Rechazado por catalogo | "SUC01","SUC04","Alimento Humedo Pro Plan Gato - 85 g","890400400005","Alimento Húmedo Para Gatos","2027-09-26","Purina, Pro Plan","8.50","32"
[Linea 667] Rechazado por catalogo | "SUC01","SUC04","Desodorante Mascotas Fresh Pet - 250 ml","890400500003","Limpieza y Cuidado","2027-09-22","Fresh Pet","18.75","53"
[Linea 671] Rechazado por catalogo | "SUC01","SUC04","Arena Para Gato Catsan - 5 kg","890400500002","Limpieza y Cuidado","2027-09-16","Catsan, PetCare","45.00","52"
[Linea 673] Rechazado por catalogo | "SUC01","SUC03","Toallitas Humedas Mascotas - 80 uds","890400500004","Limpieza y Cuidado","2027-09-30","Pet Wipes","16.50","64"
[Linea 674] Rechazado por catalogo | "SUC01","SUC07","Eliminador Olores Mascotas - 500 ml","890400500005","Limpieza y Cuidado","2027-10-07","Clean Pet, Solutions","25.00","70"
[Linea 675] Rechazado por catalogo | "SUC01","SUC02","Shampoo Para Perro Pet Care - 500 ml","890400500001","Limpieza y Cuidado","2027-09-10","Pet Care","22.50","51"
[Linea 677] Rechazado por catalogo | "SUC01","SUC07","Desodorante Mascotas Fresh Pet - 250 ml","890400500003","Limpieza y Cuidado","2027-09-24","Fresh Pet","18.75","63"
[Linea 679] Rechazado por catalogo | "SUC04","SUC05","Eliminador Olores Mascotas - 500 ml","890400500005","Limpieza y Cuidado","2027-10-08","Clean Pet, Solutions","25.00","75"
[Linea 680] Rechazado por catalogo | "SUC02","SUC04","Shampoo Para Perro Pet Care - 500 ml","890400500001","Limpieza y Cuidado","2027-09-11","Pet Care","22.50","56"
[Linea 681] Rechazado por catalogo | "SUC01","SUC03","Arena Para Gato Catsan - 5 kg","890400500002","Limpieza y Cuidado","2027-09-18","Catsan, PetCare","45.00","62"
[Linea 682] Rechazado por catalogo | "SUC01","SUC07","Desodorante Mascotas Fresh Pet - 250 ml","890400500003","Limpieza y Cuidado","2027-09-25","Fresh Pet","18.75","68"
[Linea 683] Rechazado por catalogo | "SUC02","SUC04","Toallitas Humedas Mascotas - 80 uds","890400500004","Limpieza y Cuidado","2027-10-02","Pet Wipes","16.50","74"
[Linea 684] Rechazado por catalogo | "SUC01","SUC03","Eliminador Olores Mascotas - 500 ml","890400500005","Limpieza y Cuidado","2027-10-09","Clean Pet, Solutions","25.00","10"
[Linea 685] Rechazado por catalogo | "SUC02","SUC06","Shampoo Para Perro Pet Care - 500 ml","890400500001","Limpieza y Cuidado","2027-09-12","Pet Care","22.50","61"
[Linea 686] Rechazado por catalogo | "SUC01","SUC07","Arena Para Gato Catsan - 5 kg","890400500002","Limpieza y Cuidado","2027-09-19","Catsan, PetCare","45.00","67"
[Linea 687] Rechazado por catalogo | "SUC01","SUC03","Desodorante Mascotas Fresh Pet - 250 ml","890400500003","Limpieza y Cuidado","2027-09-26","Fresh Pet","18.75","73"
[Linea 688] Rechazado por catalogo | "SUC01","SUC07","Toallitas Humedas Mascotas - 80 uds","890400500004","Limpieza y Cuidado","2027-10-03","Pet Wipes","16.50","79"
[Linea 689] Rechazado por catalogo | "SUC01","SUC02","Eliminador Olores Mascotas - 500 ml","890400500005","Limpieza y Cuidado","2027-10-10","Clean Pet, Solutions","25.00","15"
[Linea 694] Rechazado por catalogo | "SUC01","SUC03","Eliminador Olores Mascotas - 500 ml","890400500005","Limpieza y Cuidado","2027-10-11","Clean Pet, Solutions","25.00","20"
[Linea 696] Rechazado por catalogo | "SUC03","SUC07","Arena Para Gato Catsan - 5 kg","890400500002","Limpieza y Cuidado","2027-09-21","Catsan, PetCare","45.00","77"
[Linea 697] Rechazado por catalogo | "SUC01","SUC02","Desodorante Mascotas Fresh Pet - 250 ml","890400500003","Limpieza y Cuidado","2027-09-28","Fresh Pet","18.75","13"
[Linea 698] Rechazado por catalogo | "SUC04","SUC05","Toallitas Humedas Mascotas - 80 uds","890400500004","Limpieza y Cuidado","2027-10-05","Pet Wipes","16.50","19"
[Linea 699] Rechazado por catalogo | "SUC04","SUC03","Eliminador Olores Mascotas - 500 ml","890400500005","Limpieza y Cuidado","2027-10-12","Clean Pet, Solutions","25.00","25"
[Linea 700] Rechazado por catalogo | "SUC01","SUC03","Shampoo Para Perro Pet Care - 500 ml","890400500001","Limpieza y Cuidado","2027-09-15","Pet Care","22.50","76"
[Linea 703] Rechazado por catalogo | "SUC04","SUC03","Toallitas Humedas Mascotas - 80 uds","890400500004","Limpieza y Cuidado","2027-10-06","Pet Wipes","16.50","24"
[Linea 704] Rechazado por catalogo | "SUC01","SUC04","Eliminador Olores Mascotas - 500 ml","890400500005","Limpieza y Cuidado","2027-10-13","Clean Pet, Solutions","25.00","30"
[Linea 705] Rechazado por catalogo | "SUC04","SUC05","Shampoo Para Perro Pet Care - 500 ml","890400500001","Limpieza y Cuidado","2027-09-16","Pet Care","22.50","11"
[Linea 706] Rechazado por catalogo | "SUC01","SUC04","Arena Para Gato Catsan - 5 kg","890400500002","Limpieza y Cuidado","2027-09-23","Catsan, PetCare","45.00","17"
[Linea 708] Rechazado por catalogo | "SUC02","SUC06","Toallitas Humedas Mascotas - 80 uds","890400500004","Limpieza y Cuidado","2027-10-07","Pet Wipes","16.50","29"
[Linea 709] Rechazado por catalogo | "SUC01","SUC07","Eliminador Olores Mascotas - 500 ml","890400500005","Limpieza y Cuidado","2027-10-14","Clean Pet, Solutions","25.00","35"
[Linea 722] Rechazado por catalogo | "SUC04","SUC03","Semillas Para Pajaro Avian Mix - 1 kg","890400600003","Alimento y accesorios otras Mascotas","2027-10-11","Avian Mix","22.00","61"
[Linea 723] Rechazado por catalogo | "SUC01","SUC07","Alimento Para Tortuga Reptile Food - 250 g","890400600004","Alimento y accesorios otras Mascotas","2027-10-18","Reptile, Food","15.90","67"
[Linea 724] Rechazado por catalogo | "SUC01","SUC07","Alimento Para Peces Tetra - 100 g","890400600005","Alimento y accesorios otras Mascotas","2027-10-25","Tetra","12.75","73"
[Linea 725] Rechazado por catalogo | "SUC04","SUC05","Alimento Para Conejo Bunny - 1 kg","890400600001","Alimento y accesorios otras Mascotas","2027-09-28","Bunny","28.50","54"
[Linea 726] Rechazado por catalogo | "SUC03","SUC07","Alimento Para Hamster Vitakraft - 500 g","890400600002","Alimento y accesorios otras Mascotas","2027-10-05","Vitakraft","19.75","60"
[Linea 728] Rechazado por catalogo | "SUC04","SUC03","Alimento Para Tortuga Reptile Food - 250 g","890400600004","Alimento y accesorios otras Mascotas","2027-10-19","Reptile, Food","15.90","72"
[Linea 731] Rechazado por catalogo | "SUC04","SUC03","Alimento Para Hamster Vitakraft - 500 g","890400600002","Alimento y accesorios otras Mascotas","2027-10-06","Vitakraft","19.75","65"
[Linea 732] Rechazado por catalogo | "SUC02","SUC04","Semillas Para Pajaro Avian Mix - 1 kg","890400600003","Alimento y accesorios otras Mascotas","2027-10-13","Avian Mix","22.00","71"
[Linea 734] Rechazado por catalogo | "SUC02","SUC06","Alimento Para Peces Tetra - 100 g","890400600005","Alimento y accesorios otras Mascotas","2027-10-27","Tetra","12.75","13"
[Linea 736] Rechazado por catalogo | "SUC02","SUC06","Alimento Para Hamster Vitakraft - 500 g","890400600002","Alimento y accesorios otras Mascotas","2027-10-07","Vitakraft","19.75","70"
[Linea 737] Rechazado por catalogo | "SUC01","SUC07","Semillas Para Pajaro Avian Mix - 1 kg","890400600003","Alimento y accesorios otras Mascotas","2027-10-14","Avian Mix","22.00","76"
[Linea 740] Rechazado por catalogo | "SUC01","SUC02","Alimento Para Conejo Bunny - 1 kg","890400600001","Alimento y accesorios otras Mascotas","2027-10-01","Bunny","28.50","69"
[Linea 742] Rechazado por catalogo | "SUC02","SUC04","Semillas Para Pajaro Avian Mix - 1 kg","890400600003","Alimento y accesorios otras Mascotas","2027-10-15","Avian Mix","22.00","11"
[Linea 743] Rechazado por catalogo | "SUC01","SUC03","Alimento Para Tortuga Reptile Food - 250 g","890400600004","Alimento y accesorios otras Mascotas","2027-10-22","Reptile, Food","15.90","17"
[Linea 744] Rechazado por catalogo | "SUC02","SUC04","Alimento Para Peces Tetra - 100 g","890400600005","Alimento y accesorios otras Mascotas","2027-10-29","Tetra","12.75","23"
[Linea 745] Rechazado por catalogo | "SUC04","SUC05","Alimento Para Conejo Bunny - 1 kg","890400600001","Alimento y accesorios otras Mascotas","2027-10-02","Bunny","28.50","74"
[Linea 746] Rechazado por catalogo | "SUC04","SUC03","Alimento Para Hamster Vitakraft - 500 g","890400600002","Alimento y accesorios otras Mascotas","2027-10-09","Vitakraft","19.75","10"
[Linea 748] Rechazado por catalogo | "SUC02","SUC04","Alimento Para Tortuga Reptile Food - 250 g","890400600004","Alimento y accesorios otras Mascotas","2027-10-23","Reptile, Food","15.90","22"
[Linea 750] Rechazado por catalogo | "SUC04","SUC03","Alimento Para Conejo Bunny - 1 kg","890400600001","Alimento y accesorios otras Mascotas","2027-10-03","Bunny","28.50","79"
[Linea 751] Rechazado por catalogo | "SUC04","SUC03","Alimento Para Hamster Vitakraft - 500 g","890400600002","Alimento y accesorios otras Mascotas","2027-10-10","Vitakraft","19.75","15"
[Linea 752] Rechazado por catalogo | "SUC01","SUC02","Semillas Para Pajaro Avian Mix - 1 kg","890400600003","Alimento y accesorios otras Mascotas","2027-10-17","Avian Mix","22.00","21"
[Linea 753] Rechazado por catalogo | "SUC01","SUC03","Alimento Para Tortuga Reptile Food - 250 g","890400600004","Alimento y accesorios otras Mascotas","2027-10-24","Reptile, Food","15.90","27"
[Linea 754] Rechazado por catalogo | "SUC02","SUC06","Alimento Para Peces Tetra - 100 g","890400600005","Alimento y accesorios otras Mascotas","2027-10-31","Tetra","12.75","33"
[Linea 755] Rechazado por catalogo | "SUC02","SUC04","Alimento Para Conejo Bunny - 1 kg","890400600001","Alimento y accesorios otras Mascotas","2027-10-04","Bunny","28.50","14"
[Linea 756] Rechazado por catalogo | "SUC04","SUC05","Alimento Para Hamster Vitakraft - 500 g","890400600002","Alimento y accesorios otras Mascotas","2027-10-11","Vitakraft","19.75","20"
[Linea 757] Rechazado por catalogo | "SUC02","SUC04","Semillas Para Pajaro Avian Mix - 1 kg","890400600003","Alimento y accesorios otras Mascotas","2027-10-18","Avian Mix","22.00","26"
[Linea 758] Rechazado por catalogo | "SUC02","SUC06","Alimento Para Tortuga Reptile Food - 250 g","890400600004","Alimento y accesorios otras Mascotas","2027-10-25","Reptile, Food","15.90","32"
[Linea 759] Rechazado por catalogo | "SUC01","SUC07","Alimento Para Peces Tetra - 100 g","890400600005","Alimento y accesorios otras Mascotas","2027-11-01","Tetra","12.75","38"
[Linea 775] Rechazado por catalogo | "SUC02","SUC04","Premio Para Perro Pedigree Dentastix - 180 g","890400700001","Premios y Carnazas","2027-10-16","Pedigree","18.90","57"
[Linea 778] Rechazado por catalogo | "SUC05","SUC06","Premio Para Perro Dog Chow - 150 g","890400700004","Premios y Carnazas","2027-11-06","Purina, Dog Chow","14.75","75"
[Linea 779] Rechazado por catalogo | "SUC01","SUC04","Snack Natural Para Mascota - 100 g","890400700005","Premios y Carnazas","2027-11-13","Natural Pet","11.50","11"
[Linea 780] Rechazado por catalogo | "SUC02","SUC04","Premio Para Perro Pedigree Dentastix - 180 g","890400700001","Premios y Carnazas","2027-10-17","Pedigree","18.90","62"
[Linea 781] Rechazado por catalogo | "SUC02","SUC04","Carnaza Para Perro Rufo - 200 g","890400700002","Premios y Carnazas","2027-10-24","Rufo","12.50","68"
[Linea 783] Rechazado por catalogo | "SUC02","SUC06","Premio Para Perro Dog Chow - 150 g","890400700004","Premios y Carnazas","2027-11-07","Purina, Dog Chow","14.75","10"
[Linea 784] Rechazado por catalogo | "SUC01","SUC07","Snack Natural Para Mascota - 100 g","890400700005","Premios y Carnazas","2027-11-14","Natural Pet","11.50","16"
[Linea 787] Rechazado por catalogo | "SUC02","SUC06","Snack Para Gato Whiskas - 60 g","890400700003","Premios y Carnazas","2027-11-01","Whiskas","9.25","79"
[Linea 790] Rechazado por catalogo | "SUC02","SUC06","Premio Para Perro Pedigree Dentastix - 180 g","890400700001","Premios y Carnazas","2027-10-19","Pedigree","18.90","72"
[Linea 791] Rechazado por catalogo | "SUC02","SUC04","Carnaza Para Perro Rufo - 200 g","890400700002","Premios y Carnazas","2027-10-26","Rufo","12.50","78"
[Linea 792] Rechazado por catalogo | "SUC03","SUC07","Snack Para Gato Whiskas - 60 g","890400700003","Premios y Carnazas","2027-11-02","Whiskas","9.25","14"
[Linea 793] Rechazado por catalogo | "SUC01","SUC04","Premio Para Perro Dog Chow - 150 g","890400700004","Premios y Carnazas","2027-11-09","Purina, Dog Chow","14.75","20"
[Linea 794] Rechazado por catalogo | "SUC02","SUC06","Snack Natural Para Mascota - 100 g","890400700005","Premios y Carnazas","2027-11-16","Natural Pet","11.50","26"
[Linea 796] Rechazado por catalogo | "SUC05","SUC06","Carnaza Para Perro Rufo - 200 g","890400700002","Premios y Carnazas","2027-10-27","Rufo","12.50","13"
[Linea 797] Rechazado por catalogo | "SUC01","SUC04","Snack Para Gato Whiskas - 60 g","890400700003","Premios y Carnazas","2027-11-03","Whiskas","9.25","19"
[Linea 798] Rechazado por catalogo | "SUC02","SUC06","Premio Para Perro Dog Chow - 150 g","890400700004","Premios y Carnazas","2027-11-10","Purina, Dog Chow","14.75","25"
[Linea 799] Rechazado por catalogo | "SUC01","SUC02","Snack Natural Para Mascota - 100 g","890400700005","Premios y Carnazas","2027-11-17","Natural Pet","11.50","31"
[Linea 800] Rechazado por catalogo | "SUC01","SUC02","Premio Para Perro Pedigree Dentastix - 180 g","890400700001","Premios y Carnazas","2027-10-21","Pedigree","18.90","12"
[Linea 801] Rechazado por catalogo | "SUC05","SUC06","Carnaza Para Perro Rufo - 200 g","890400700002","Premios y Carnazas","2027-10-28","Rufo","12.50","18"
[Linea 802] Rechazado por catalogo | "SUC02","SUC06","Snack Para Gato Whiskas - 60 g","890400700003","Premios y Carnazas","2027-11-04","Whiskas","9.25","24"
[Linea 803] Rechazado por catalogo | "SUC01","SUC04","Premio Para Perro Dog Chow - 150 g","890400700004","Premios y Carnazas","2027-11-11","Purina, Dog Chow","14.75","30"
[Linea 804] Rechazado por catalogo | "SUC04","SUC03","Snack Natural Para Mascota - 100 g","890400700005","Premios y Carnazas","2027-11-18","Natural Pet","11.50","36"
[Linea 805] Rechazado por catalogo | "SUC01","SUC03","Premio Para Perro Pedigree Dentastix - 180 g","890400700001","Premios y Carnazas","2027-10-22","Pedigree","18.90","17"
[Linea 806] Rechazado por catalogo | "SUC01","SUC02","Carnaza Para Perro Rufo - 200 g","890400700002","Premios y Carnazas","2027-10-29","Rufo","12.50","23"
[Linea 807] Rechazado por catalogo | "SUC01","SUC07","Snack Para Gato Whiskas - 60 g","890400700003","Premios y Carnazas","2027-11-05","Whiskas","9.25","29"
[Linea 808] Rechazado por catalogo | "SUC02","SUC06","Premio Para Perro Dog Chow - 150 g","890400700004","Premios y Carnazas","2027-11-12","Purina, Dog Chow","14.75","35"
[Linea 809] Rechazado por catalogo | "SUC04","SUC03","Snack Natural Para Mascota - 100 g","890400700005","Premios y Carnazas","2027-11-19","Natural Pet","11.50","41"
[Linea 816] Rechazado por catalogo | "SUC04","SUC03","Correa Para Perro Ajustable - 1 unidad","890400800002","Accesorios para Perros","2027-11-08","Pet Gear","30.00","56"
[Linea 818] Rechazado por catalogo | "SUC01","SUC03","Cama Para Perro Mediana - 1 unidad","890400800004","Accesorios para Perros","2027-11-22","Comfort Pet","85.00","68"
[Linea 820] Rechazado por catalogo | "SUC04","SUC03","Collar Para Perro Nylon - 1 unidad","890400800001","Accesorios para Perros","2027-11-02","Pet Gear","25.00","55"
[Linea 822] Rechazado por catalogo | "SUC01","SUC07","Plato Para Perro Plastico - 1 unidad","890400800003","Accesorios para Perros","2027-11-16","Pet Bowl","12.75","67"
[Linea 823] Rechazado por catalogo | "SUC01","SUC02","Cama Para Perro Mediana - 1 unidad","890400800004","Accesorios para Perros","2027-11-23","Comfort Pet","85.00","73"
[Linea 824] Rechazado por catalogo | "SUC01","SUC04","Juguete Para Perro Pelota - 1 unidad","890400800005","Accesorios para Perros","2027-11-30","Pet Toys, Inc.","14.50","79"
[Linea 826] Rechazado por catalogo | "SUC01","SUC07","Correa Para Perro Ajustable - 1 unidad","890400800002","Accesorios para Perros","2027-11-10","Pet Gear","30.00","66"
[Linea 828] Rechazado por catalogo | "SUC01","SUC03","Cama Para Perro Mediana - 1 unidad","890400800004","Accesorios para Perros","2027-11-24","Comfort Pet","85.00","78"
[Linea 830] Rechazado por catalogo | "SUC01","SUC03","Collar Para Perro Nylon - 1 unidad","890400800001","Accesorios para Perros","2027-11-04","Pet Gear","25.00","65"
[Linea 833] Rechazado por catalogo | "SUC01","SUC07","Cama Para Perro Mediana - 1 unidad","890400800004","Accesorios para Perros","2027-11-25","Comfort Pet","85.00","13"
[Linea 834] Rechazado por catalogo | "SUC01","SUC07","Juguete Para Perro Pelota - 1 unidad","890400800005","Accesorios para Perros","2027-12-02","Pet Toys, Inc.","14.50","19"
[Linea 835] Rechazado por catalogo | "SUC01","SUC07","Collar Para Perro Nylon - 1 unidad","890400800001","Accesorios para Perros","2027-11-05","Pet Gear","25.00","70"
[Linea 839] Rechazado por catalogo | "SUC04","SUC03","Juguete Para Perro Pelota - 1 unidad","890400800005","Accesorios para Perros","2027-12-03","Pet Toys, Inc.","14.50","24"
[Linea 840] Rechazado por catalogo | "SUC04","SUC03","Collar Para Perro Nylon - 1 unidad","890400800001","Accesorios para Perros","2027-11-06","Pet Gear","25.00","75"
[Linea 841] Rechazado por catalogo | "SUC02","SUC06","Correa Para Perro Ajustable - 1 unidad","890400800002","Accesorios para Perros","2027-11-13","Pet Gear","30.00","11"
[Linea 842] Rechazado por catalogo | "SUC01","SUC07","Plato Para Perro Plastico - 1 unidad","890400800003","Accesorios para Perros","2027-11-20","Pet Bowl","12.75","17"
[Linea 843] Rechazado por catalogo | "SUC04","SUC05","Cama Para Perro Mediana - 1 unidad","890400800004","Accesorios para Perros","2027-11-27","Comfort Pet","85.00","23"
[Linea 844] Rechazado por catalogo | "SUC02","SUC06","Juguete Para Perro Pelota - 1 unidad","890400800005","Accesorios para Perros","2027-12-04","Pet Toys, Inc.","14.50","29"
[Linea 845] Rechazado por catalogo | "SUC01","SUC07","Collar Para Perro Nylon - 1 unidad","890400800001","Accesorios para Perros","2027-11-07","Pet Gear","25.00","10"
[Linea 846] Rechazado por catalogo | "SUC01","SUC07","Correa Para Perro Ajustable - 1 unidad","890400800002","Accesorios para Perros","2027-11-14","Pet Gear","30.00","16"
[Linea 847] Rechazado por catalogo | "SUC01","SUC02","Plato Para Perro Plastico - 1 unidad","890400800003","Accesorios para Perros","2027-11-21","Pet Bowl","12.75","22"
[Linea 848] Rechazado por catalogo | "SUC01","SUC07","Cama Para Perro Mediana - 1 unidad","890400800004","Accesorios para Perros","2027-11-28","Comfort Pet","85.00","28"
[Linea 849] Rechazado por catalogo | "SUC01","SUC03","Juguete Para Perro Pelota - 1 unidad","890400800005","Accesorios para Perros","2027-12-05","Pet Toys, Inc.","14.50","34"
[Linea 850] Rechazado por catalogo | "SUC02","SUC04","Collar Para Perro Nylon - 1 unidad","890400800001","Accesorios para Perros","2027-11-08","Pet Gear","25.00","15"
[Linea 851] Rechazado por catalogo | "SUC02","SUC04","Correa Para Perro Ajustable - 1 unidad","890400800002","Accesorios para Perros","2027-11-15","Pet Gear","30.00","21"
[Linea 852] Rechazado por catalogo | "SUC02","SUC06","Plato Para Perro Plastico - 1 unidad","890400800003","Accesorios para Perros","2027-11-22","Pet Bowl","12.75","27"
[Linea 853] Rechazado por catalogo | "SUC01","SUC03","Cama Para Perro Mediana - 1 unidad","890400800004","Accesorios para Perros","2027-11-29","Comfort Pet","85.00","33"
[Linea 854] Rechazado por catalogo | "SUC01","SUC04","Juguete Para Perro Pelota - 1 unidad","890400800005","Accesorios para Perros","2027-12-06","Pet Toys, Inc.","14.50","39"
[Linea 855] Rechazado por catalogo | "SUC02","SUC04","Collar Para Perro Nylon - 1 unidad","890400800001","Accesorios para Perros","2027-11-09","Pet Gear","25.00","20"
[Linea 856] Rechazado por catalogo | "SUC01","SUC04","Correa Para Perro Ajustable - 1 unidad","890400800002","Accesorios para Perros","2027-11-16","Pet Gear","30.00","26"
[Linea 857] Rechazado por catalogo | "SUC05","SUC06","Plato Para Perro Plastico - 1 unidad","890400800003","Accesorios para Perros","2027-11-23","Pet Bowl","12.75","32"
[Linea 858] Rechazado por catalogo | "SUC01","SUC03","Cama Para Perro Mediana - 1 unidad","890400800004","Accesorios para Perros","2027-11-30","Comfort Pet","85.00","38"
[Linea 859] Rechazado por catalogo | "SUC01","SUC04","Juguete Para Perro Pelota - 1 unidad","890400800005","Accesorios para Perros","2027-12-07","Pet Toys, Inc.","14.50","44"
[Linea 871] Rechazado por catalogo | "SUC01","SUC03","Leche Deslactosada Sabemas - 1 L","880300100002","Leche","2027-06-09","Sabemas","11.80","48"
[Linea 872] Rechazado por catalogo | "SUC02","SUC04","Leche Light Parmalat - 1 L","880300100003","Leche","2027-06-17","Parmalat","13.25","55"
[Linea 873] Rechazado por catalogo | "SUC02","SUC06","Leche Evaporada Carnation - 315 g","880300100004","Leche","2027-06-25","Nestle, Carnation","13.25","62"
[Linea 875] Rechazado por catalogo | "SUC02","SUC04","Leche Entera Dos Pinos - 1 L","880300100001","Leche","2027-06-02","Dos Pinos","12.50","47"
[Linea 876] Rechazado por catalogo | "SUC04","SUC05","Leche Deslactosada Sabemas - 1 L","880300100002","Leche","2027-06-10","Sabemas","11.80","54"
[Linea 879] Rechazado por catalogo | "SUC02","SUC04","Leche UHT Suli - 1 L","880300100005","Leche","2027-07-04","Suli","10.75","75"
[Linea 880] Rechazado por catalogo | "SUC01","SUC04","Leche Entera Dos Pinos - 1 L","880300100001","Leche","2027-06-03","Dos Pinos","12.50","53"
[Linea 882] Rechazado por catalogo | "SUC01","SUC04","Leche Light Parmalat - 1 L","880300100003","Leche","2027-06-19","Parmalat","13.25","67"
[Linea 883] Rechazado por catalogo | "SUC01","SUC03","Leche Evaporada Carnation - 315 g","880300100004","Leche","2027-06-27","Nestle, Carnation","13.25","74"
[Linea 884] Rechazado por catalogo | "SUC01","SUC02","Leche UHT Suli - 1 L","880300100005","Leche","2027-07-05","Suli","10.75","81"
[Linea 885] Rechazado por catalogo | "SUC01","SUC04","Leche Entera Dos Pinos - 1 L","880300100001","Leche","2027-06-04","Dos Pinos","12.50","59"
[Linea 886] Rechazado por catalogo | "SUC02","SUC06","Leche Deslactosada Sabemas - 1 L","880300100002","Leche","2027-06-12","Sabemas","11.80","66"
[Linea 887] Rechazado por catalogo | "SUC01","SUC07","Leche Light Parmalat - 1 L","880300100003","Leche","2027-06-20","Parmalat","13.25","73"
[Linea 888] Rechazado por catalogo | "SUC01","SUC07","Leche Evaporada Carnation - 315 g","880300100004","Leche","2027-06-28","Nestle, Carnation","13.25","80"
[Linea 889] Rechazado por catalogo | "SUC02","SUC06","Leche UHT Suli - 1 L","880300100005","Leche","2027-07-06","Suli","10.75","87"
[Linea 890] Rechazado por catalogo | "SUC04","SUC03","Leche Entera Dos Pinos - 1 L","880300100001","Leche","2027-06-05","Dos Pinos","12.50","65"
[Linea 891] Rechazado por catalogo | "SUC01","SUC03","Leche Deslactosada Sabemas - 1 L","880300100002","Leche","2027-06-13","Sabemas","11.80","72"
[Linea 892] Rechazado por catalogo | "SUC04","SUC03","Leche Light Parmalat - 1 L","880300100003","Leche","2027-06-21","Parmalat","13.25","79"
[Linea 893] Rechazado por catalogo | "SUC02","SUC06","Leche Evaporada Carnation - 315 g","880300100004","Leche","2027-06-29","Nestle, Carnation","13.25","86"
[Linea 894] Rechazado por catalogo | "SUC04","SUC05","Leche UHT Suli - 1 L","880300100005","Leche","2027-07-07","Suli","10.75","13"
[Linea 895] Rechazado por catalogo | "SUC02","SUC06","Leche Entera Dos Pinos - 1 L","880300100001","Leche","2027-06-06","Dos Pinos","12.50","71"
[Linea 899] Rechazado por catalogo | "SUC04","SUC03","Leche UHT Suli - 1 L","880300100005","Leche","2027-07-08","Suli","10.75","19"
[Linea 900] Rechazado por catalogo | "SUC01","SUC03","Leche Entera Dos Pinos - 1 L","880300100001","Leche","2027-06-07","Dos Pinos","12.50","77"
[Linea 901] Rechazado por catalogo | "SUC01","SUC07","Leche Deslactosada Sabemas - 1 L","880300100002","Leche","2027-06-15","Sabemas","11.80","84"
[Linea 902] Rechazado por catalogo | "SUC01","SUC02","Leche Light Parmalat - 1 L","880300100003","Leche","2027-06-23","Parmalat","13.25","91"
[Linea 903] Rechazado por catalogo | "SUC04","SUC05","Leche Evaporada Carnation - 315 g","880300100004","Leche","2027-07-01","Nestle, Carnation","13.25","18"
[Linea 905] Rechazado por catalogo | "SUC01","SUC07","Leche Entera Dos Pinos - 1 L","880300100001","Leche","2027-06-08","Dos Pinos","12.50","83"
[Linea 906] Rechazado por catalogo | "SUC02","SUC06","Leche Deslactosada Sabemas - 1 L","880300100002","Leche","2027-06-16","Sabemas","11.80","90"
[Linea 907] Rechazado por catalogo | "SUC01","SUC02","Leche Light Parmalat - 1 L","880300100003","Leche","2027-06-24","Parmalat","13.25","17"
[Linea 908] Rechazado por catalogo | "SUC01","SUC03","Leche Evaporada Carnation - 315 g","880300100004","Leche","2027-07-02","Nestle, Carnation","13.25","24"
[Linea 909] Rechazado por catalogo | "SUC02","SUC04","Leche UHT Suli - 1 L","880300100005","Leche","2027-07-10","Suli","10.75","31"
[Linea 915] Rechazado por catalogo | "SUC01","SUC02","Yogurt Lala Fresa - 1 L","880300200001","Yogurt","2027-06-20","Lala","15.00","39"
[Linea 916] Rechazado por catalogo | "SUC01","SUC04","Yogurt Griego Yoplait - 150 g","880300200002","Yogurt","2027-06-28","Yoplait","8.50","46"
[Linea 921] Rechazado por catalogo | "SUC01","SUC04","Yogurt Griego Yoplait - 150 g","880300200002","Yogurt","2027-06-29","Yoplait","8.50","52"
[Linea 922] Rechazado por catalogo | "SUC01","SUC07","Yogurt Natural Dos Pinos - 1 L","880300200003","Yogurt","2027-07-07","Dos Pinos","14.25","59"
[Linea 924] Rechazado por catalogo | "SUC04","SUC03","Yogurt Suli Vainilla - 1 L","880300200005","Yogurt","2027-07-23","Suli","12.90","73"
[Linea 925] Rechazado por catalogo | "SUC01","SUC03","Yogurt Lala Fresa - 1 L","880300200001","Yogurt","2027-06-22","Lala","15.00","51"
[Linea 928] Rechazado por catalogo | "SUC04","SUC05","Yogurt Bebible Alpina - 250 ml","880300200004","Yogurt","2027-07-16","Alpina","6.75","72"
[Linea 931] Rechazado por catalogo | "SUC01","SUC03","Yogurt Griego Yoplait - 150 g","880300200002","Yogurt","2027-07-01","Yoplait","8.50","64"
[Linea 932] Rechazado por catalogo | "SUC01","SUC04","Yogurt Natural Dos Pinos - 1 L","880300200003","Yogurt","2027-07-09","Dos Pinos","14.25","71"
[Linea 934] Rechazado por catalogo | "SUC04","SUC05","Yogurt Suli Vainilla - 1 L","880300200005","Yogurt","2027-07-25","Suli","12.90","85"
[Linea 937] Rechazado por catalogo | "SUC04","SUC05","Yogurt Natural Dos Pinos - 1 L","880300200003","Yogurt","2027-07-10","Dos Pinos","14.25","77"
[Linea 938] Rechazado por catalogo | "SUC05","SUC06","Yogurt Bebible Alpina - 250 ml","880300200004","Yogurt","2027-07-18","Alpina","6.75","84"
[Linea 939] Rechazado por catalogo | "SUC01","SUC02","Yogurt Suli Vainilla - 1 L","880300200005","Yogurt","2027-07-26","Suli","12.90","91"
[Linea 940] Rechazado por catalogo | "SUC04","SUC03","Yogurt Lala Fresa - 1 L","880300200001","Yogurt","2027-06-25","Lala","15.00","69"
[Linea 941] Rechazado por catalogo | "SUC01","SUC03","Yogurt Griego Yoplait - 150 g","880300200002","Yogurt","2027-07-03","Yoplait","8.50","76"
[Linea 942] Rechazado por catalogo | "SUC03","SUC07","Yogurt Natural Dos Pinos - 1 L","880300200003","Yogurt","2027-07-11","Dos Pinos","14.25","83"
[Linea 943] Rechazado por catalogo | "SUC02","SUC06","Yogurt Bebible Alpina - 250 ml","880300200004","Yogurt","2027-07-19","Alpina","6.75","90"
[Linea 944] Rechazado por catalogo | "SUC03","SUC07","Yogurt Suli Vainilla - 1 L","880300200005","Yogurt","2027-07-27","Suli","12.90","17"
[Linea 945] Rechazado por catalogo | "SUC01","SUC03","Yogurt Lala Fresa - 1 L","880300200001","Yogurt","2027-06-26","Lala","15.00","75"
[Linea 946] Rechazado por catalogo | "SUC04","SUC05","Yogurt Griego Yoplait - 150 g","880300200002","Yogurt","2027-07-04","Yoplait","8.50","82"
[Linea 950] Rechazado por catalogo | "SUC04","SUC03","Yogurt Lala Fresa - 1 L","880300200001","Yogurt","2027-06-27","Lala","15.00","81"
[Linea 951] Rechazado por catalogo | "SUC04","SUC05","Yogurt Griego Yoplait - 150 g","880300200002","Yogurt","2027-07-05","Yoplait","8.50","88"
[Linea 952] Rechazado por catalogo | "SUC01","SUC02","Yogurt Natural Dos Pinos - 1 L","880300200003","Yogurt","2027-07-13","Dos Pinos","14.25","15"
[Linea 953] Rechazado por catalogo | "SUC02","SUC04","Yogurt Bebible Alpina - 250 ml","880300200004","Yogurt","2027-07-21","Alpina","6.75","22"
[Linea 954] Rechazado por catalogo | "SUC05","SUC06","Yogurt Suli Vainilla - 1 L","880300200005","Yogurt","2027-07-29","Suli","12.90","29"
[Linea 955] Rechazado por catalogo | "SUC03","SUC07","Yogurt Lala Fresa - 1 L","880300200001","Yogurt","2027-06-28","Lala","15.00","87"
[Linea 956] Rechazado por catalogo | "SUC01","SUC07","Yogurt Griego Yoplait - 150 g","880300200002","Yogurt","2027-07-06","Yoplait","8.50","14"
[Linea 957] Rechazado por catalogo | "SUC04","SUC03","Yogurt Natural Dos Pinos - 1 L","880300200003","Yogurt","2027-07-14","Dos Pinos","14.25","21"
[Linea 958] Rechazado por catalogo | "SUC04","SUC03","Yogurt Bebible Alpina - 250 ml","880300200004","Yogurt","2027-07-22","Alpina","6.75","28"
[Linea 959] Rechazado por catalogo | "SUC01","SUC02","Yogurt Suli Vainilla - 1 L","880300200005","Yogurt","2027-07-30","Suli","12.90","35"
[Linea 968] Rechazado por catalogo | "SUC01","SUC02","Queso Crema Philadelphia - 226 g","880300300004","Queso","2027-08-03","Philadelphia","18.75","64"
[Linea 970] Rechazado por catalogo | "SUC02","SUC04","Queso Fresco Parma - 400 g","880300300001","Queso","2027-07-11","Parma","29.75","49"
[Linea 974] Rechazado por catalogo | "SUC01","SUC02","Queso Seco Duro Nacional - 500 g","880300300005","Queso","2027-08-12","Nacional","35.00","77"
[Linea 976] Rechazado por catalogo | "SUC04","SUC05","Queso Mozzarella Kraft - 200 g","880300300002","Queso","2027-07-20","Kraft, Heinz","24.50","62"
[Linea 977] Rechazado por catalogo | "SUC01","SUC03","Queso Cheddar Great Value - 250 g","880300300003","Queso","2027-07-28","Great Value","21.00","69"
[Linea 979] Rechazado por catalogo | "SUC01","SUC03","Queso Seco Duro Nacional - 500 g","880300300005","Queso","2027-08-13","Nacional","35.00","83"
[Linea 980] Rechazado por catalogo | "SUC04","SUC03","Queso Fresco Parma - 400 g","880300300001","Queso","2027-07-13","Parma","29.75","61"
[Linea 981] Rechazado por catalogo | "SUC01","SUC03","Queso Mozzarella Kraft - 200 g","880300300002","Queso","2027-07-21","Kraft, Heinz","24.50","68"
[Linea 982] Rechazado por catalogo | "SUC01","SUC04","Queso Cheddar Great Value - 250 g","880300300003","Queso","2027-07-29","Great Value","21.00","75"
[Linea 984] Rechazado por catalogo | "SUC02","SUC06","Queso Seco Duro Nacional - 500 g","880300300005","Queso","2027-08-14","Nacional","35.00","89"
[Linea 985] Rechazado por catalogo | "SUC05","SUC06","Queso Fresco Parma - 400 g","880300300001","Queso","2027-07-14","Parma","29.75","67"
[Linea 986] Rechazado por catalogo | "SUC02","SUC06","Queso Mozzarella Kraft - 200 g","880300300002","Queso","2027-07-22","Kraft, Heinz","24.50","74"
[Linea 988] Rechazado por catalogo | "SUC04","SUC03","Queso Crema Philadelphia - 226 g","880300300004","Queso","2027-08-07","Philadelphia","18.75","88"
[Linea 990] Rechazado por catalogo | "SUC02","SUC04","Queso Fresco Parma - 400 g","880300300001","Queso","2027-07-15","Parma","29.75","73"
[Linea 991] Rechazado por catalogo | "SUC04","SUC03","Queso Mozzarella Kraft - 200 g","880300300002","Queso","2027-07-23","Kraft, Heinz","24.50","80"
[Linea 992] Rechazado por catalogo | "SUC05","SUC06","Queso Cheddar Great Value - 250 g","880300300003","Queso","2027-07-31","Great Value","21.00","87"
[Linea 993] Rechazado por catalogo | "SUC01","SUC04","Queso Crema Philadelphia - 226 g","880300300004","Queso","2027-08-08","Philadelphia","18.75","14"
[Linea 994] Rechazado por catalogo | "SUC04","SUC05","Queso Seco Duro Nacional - 500 g","880300300005","Queso","2027-08-16","Nacional","35.00","21"
[Linea 995] Rechazado por catalogo | "SUC02","SUC04","Queso Fresco Parma - 400 g","880300300001","Queso","2027-07-16","Parma","29.75","79"
[Linea 996] Rechazado por catalogo | "SUC01","SUC07","Queso Mozzarella Kraft - 200 g","880300300002","Queso","2027-07-24","Kraft, Heinz","24.50","86"
[Linea 997] Rechazado por catalogo | "SUC05","SUC06","Queso Cheddar Great Value - 250 g","880300300003","Queso","2027-08-01","Great Value","21.00","13"
[Linea 998] Rechazado por catalogo | "SUC01","SUC04","Queso Crema Philadelphia - 226 g","880300300004","Queso","2027-08-09","Philadelphia","18.75","20"
[Linea 999] Rechazado por catalogo | "SUC01","SUC03","Queso Seco Duro Nacional - 500 g","880300300005","Queso","2027-08-17","Nacional","35.00","27"
[Linea 1000] Rechazado por catalogo | "SUC02","SUC06","Queso Fresco Parma - 400 g","880300300001","Queso","2027-07-17","Parma","29.75","85"
[Linea 1001] Rechazado por catalogo | "SUC04","SUC05","Queso Mozzarella Kraft - 200 g","880300300002","Queso","2027-07-25","Kraft, Heinz","24.50","12"
[Linea 1003] Rechazado por catalogo | "SUC05","SUC06","Queso Crema Philadelphia - 226 g","880300300004","Queso","2027-08-10","Philadelphia","18.75","26"
[Linea 1004] Rechazado por catalogo | "SUC02","SUC06","Queso Seco Duro Nacional - 500 g","880300300005","Queso","2027-08-18","Nacional","35.00","33"
[Linea 1006] Rechazado por catalogo | "SUC02","SUC06","Queso Mozzarella Kraft - 200 g","880300300002","Queso","2027-07-26","Kraft, Heinz","24.50","18"
[Linea 1007] Rechazado por catalogo | "SUC02","SUC06","Queso Cheddar Great Value - 250 g","880300300003","Queso","2027-08-03","Great Value","21.00","25"
[Linea 1008] Rechazado por catalogo | "SUC01","SUC07","Queso Crema Philadelphia - 226 g","880300300004","Queso","2027-08-11","Philadelphia","18.75","32"
[Linea 1009] Rechazado por catalogo | "SUC01","SUC07","Queso Seco Duro Nacional - 500 g","880300300005","Queso","2027-08-19","Nacional","35.00","39"
[Linea 1018] Rechazado por catalogo | "SUC05","SUC06","Margarina Suli - 200 g","880300400004","Mantequillas y margarinas","2027-08-23","Suli","8.25","68"
[Linea 1019] Rechazado por catalogo | "SUC04","SUC05","Mantequilla Lurpak - 200 g","880300400005","Mantequillas y margarinas","2027-08-31","Lurpak, Foods","32.00","75"
[Linea 1020] Rechazado por catalogo | "SUC04","SUC03","Mantequilla Anchor - 227 g","880300400001","Mantequillas y margarinas","2027-07-31","Anchor","22.90","53"
[Linea 1021] Rechazado por catalogo | "SUC03","SUC07","Margarina Mirasol - 250 g","880300400002","Mantequillas y margarinas","2027-08-08","Mirasol","9.50","60"
[Linea 1025] Rechazado por catalogo | "SUC04","SUC05","Mantequilla Anchor - 227 g","880300400001","Mantequillas y margarinas","2027-08-01","Anchor","22.90","59"
[Linea 1027] Rechazado por catalogo | "SUC04","SUC05","Mantequilla Dos Pinos - 250 g","880300400003","Mantequillas y margarinas","2027-08-17","Dos Pinos","24.75","73"
[Linea 1030] Rechazado por catalogo | "SUC04","SUC03","Mantequilla Anchor - 227 g","880300400001","Mantequillas y margarinas","2027-08-02","Anchor","22.90","65"
[Linea 1032] Rechazado por catalogo | "SUC04","SUC05","Mantequilla Dos Pinos - 250 g","880300400003","Mantequillas y margarinas","2027-08-18","Dos Pinos","24.75","79"
[Linea 1033] Rechazado por catalogo | "SUC01","SUC04","Margarina Suli - 200 g","880300400004","Mantequillas y margarinas","2027-08-26","Suli","8.25","86"
[Linea 1034] Rechazado por catalogo | "SUC04","SUC03","Mantequilla Lurpak - 200 g","880300400005","Mantequillas y margarinas","2027-09-03","Lurpak, Foods","32.00","13"
[Linea 1036] Rechazado por catalogo | "SUC01","SUC04","Margarina Mirasol - 250 g","880300400002","Mantequillas y margarinas","2027-08-11","Mirasol","9.50","78"
[Linea 1037] Rechazado por catalogo | "SUC05","SUC06","Mantequilla Dos Pinos - 250 g","880300400003","Mantequillas y margarinas","2027-08-19","Dos Pinos","24.75","85"
[Linea 1038] Rechazado por catalogo | "SUC01","SUC07","Margarina Suli - 200 g","880300400004","Mantequillas y margarinas","2027-08-27","Suli","8.25","12"
[Linea 1039] Rechazado por catalogo | "SUC03","SUC07","Mantequilla Lurpak - 200 g","880300400005","Mantequillas y margarinas","2027-09-04","Lurpak, Foods","32.00","19"
[Linea 1040] Rechazado por catalogo | "SUC01","SUC03","Mantequilla Anchor - 227 g","880300400001","Mantequillas y margarinas","2027-08-04","Anchor","22.90","77"
[Linea 1041] Rechazado por catalogo | "SUC04","SUC03","Margarina Mirasol - 250 g","880300400002","Mantequillas y margarinas","2027-08-12","Mirasol","9.50","84"
[Linea 1043] Rechazado por catalogo | "SUC05","SUC06","Margarina Suli - 200 g","880300400004","Mantequillas y margarinas","2027-08-28","Suli","8.25","18"
[Linea 1044] Rechazado por catalogo | "SUC04","SUC03","Mantequilla Lurpak - 200 g","880300400005","Mantequillas y margarinas","2027-09-05","Lurpak, Foods","32.00","25"
[Linea 1045] Rechazado por catalogo | "SUC01","SUC02","Mantequilla Anchor - 227 g","880300400001","Mantequillas y margarinas","2027-08-05","Anchor","22.90","83"
[Linea 1046] Rechazado por catalogo | "SUC01","SUC04","Margarina Mirasol - 250 g","880300400002","Mantequillas y margarinas","2027-08-13","Mirasol","9.50","90"
[Linea 1047] Rechazado por catalogo | "SUC04","SUC05","Mantequilla Dos Pinos - 250 g","880300400003","Mantequillas y margarinas","2027-08-21","Dos Pinos","24.75","17"
[Linea 1048] Rechazado por catalogo | "SUC01","SUC04","Margarina Suli - 200 g","880300400004","Mantequillas y margarinas","2027-08-29","Suli","8.25","24"
[Linea 1049] Rechazado por catalogo | "SUC01","SUC03","Mantequilla Lurpak - 200 g","880300400005","Mantequillas y margarinas","2027-09-06","Lurpak, Foods","32.00","31"
[Linea 1050] Rechazado por catalogo | "SUC04","SUC03","Mantequilla Anchor - 227 g","880300400001","Mantequillas y margarinas","2027-08-06","Anchor","22.90","89"
[Linea 1051] Rechazado por catalogo | "SUC02","SUC06","Margarina Mirasol - 250 g","880300400002","Mantequillas y margarinas","2027-08-14","Mirasol","9.50","16"
[Linea 1053] Rechazado por catalogo | "SUC01","SUC07","Margarina Suli - 200 g","880300400004","Mantequillas y margarinas","2027-08-30","Suli","8.25","30"
[Linea 1054] Rechazado por catalogo | "SUC04","SUC05","Mantequilla Lurpak - 200 g","880300400005","Mantequillas y margarinas","2027-09-07","Lurpak, Foods","32.00","37"
[Linea 1055] Rechazado por catalogo | "SUC01","SUC03","Mantequilla Anchor - 227 g","880300400001","Mantequillas y margarinas","2027-08-07","Anchor","22.90","15"
[Linea 1056] Rechazado por catalogo | "SUC03","SUC07","Margarina Mirasol - 250 g","880300400002","Mantequillas y margarinas","2027-08-15","Mirasol","9.50","22"
[Linea 1057] Rechazado por catalogo | "SUC05","SUC06","Mantequilla Dos Pinos - 250 g","880300400003","Mantequillas y margarinas","2027-08-23","Dos Pinos","24.75","29"
[Linea 1059] Rechazado por catalogo | "SUC03","SUC07","Mantequilla Lurpak - 200 g","880300400005","Mantequillas y margarinas","2027-09-08","Lurpak, Foods","32.00","43"
[Linea 1068] Rechazado por catalogo | "SUC01","SUC03","Huevo Blanco Suli - 12 uds","880300500004","Huevo","2027-09-12","Suli","16.75","72"
[Linea 1073] Rechazado por catalogo | "SUC01","SUC04","Huevo Blanco Suli - 12 uds","880300500004","Huevo","2027-09-13","Suli","16.75","78"
[Linea 1075] Rechazado por catalogo | "SUC01","SUC02","Huevo Blanco Granja - 12 uds","880300500001","Huevo","2027-08-21","Granja","18.00","63"
[Linea 1076] Rechazado por catalogo | "SUC01","SUC02","Huevo Rojo Granja - 30 uds","880300500002","Huevo","2027-08-29","Granja","42.50","70"
[Linea 1078] Rechazado por catalogo | "SUC01","SUC02","Huevo Blanco Suli - 12 uds","880300500004","Huevo","2027-09-14","Suli","16.75","84"
[Linea 1079] Rechazado por catalogo | "SUC02","SUC06","Huevo AA Avicola - 18 uds","880300500005","Huevo","2027-09-22","Avicola, S.A.","26.50","91"
[Linea 1082] Rechazado por catalogo | "SUC04","SUC05","Huevo Organico Campo Feliz - 12 uds","880300500003","Huevo","2027-09-07","Campo Feliz","28.00","83"
[Linea 1083] Rechazado por catalogo | "SUC01","SUC04","Huevo Blanco Suli - 12 uds","880300500004","Huevo","2027-09-15","Suli","16.75","90"
[Linea 1084] Rechazado por catalogo | "SUC02","SUC04","Huevo AA Avicola - 18 uds","880300500005","Huevo","2027-09-23","Avicola, S.A.","26.50","17"
[Linea 1087] Rechazado por catalogo | "SUC01","SUC07","Huevo Organico Campo Feliz - 12 uds","880300500003","Huevo","2027-09-08","Campo Feliz","28.00","89"
[Linea 1088] Rechazado por catalogo | "SUC01","SUC04","Huevo Blanco Suli - 12 uds","880300500004","Huevo","2027-09-16","Suli","16.75","16"
[Linea 1089] Rechazado por catalogo | "SUC01","SUC04","Huevo AA Avicola - 18 uds","880300500005","Huevo","2027-09-24","Avicola, S.A.","26.50","23"
[Linea 1090] Rechazado por catalogo | "SUC01","SUC04","Huevo Blanco Granja - 12 uds","880300500001","Huevo","2027-08-24","Granja","18.00","81"
[Linea 1091] Rechazado por catalogo | "SUC01","SUC03","Huevo Rojo Granja - 30 uds","880300500002","Huevo","2027-09-01","Granja","42.50","88"
[Linea 1092] Rechazado por catalogo | "SUC01","SUC07","Huevo Organico Campo Feliz - 12 uds","880300500003","Huevo","2027-09-09","Campo Feliz","28.00","15"
[Linea 1094] Rechazado por catalogo | "SUC01","SUC07","Huevo AA Avicola - 18 uds","880300500005","Huevo","2027-09-25","Avicola, S.A.","26.50","29"
[Linea 1095] Rechazado por catalogo | "SUC02","SUC04","Huevo Blanco Granja - 12 uds","880300500001","Huevo","2027-08-25","Granja","18.00","87"
[Linea 1096] Rechazado por catalogo | "SUC04","SUC03","Huevo Rojo Granja - 30 uds","880300500002","Huevo","2027-09-02","Granja","42.50","14"
[Linea 1097] Rechazado por catalogo | "SUC01","SUC07","Huevo Organico Campo Feliz - 12 uds","880300500003","Huevo","2027-09-10","Campo Feliz","28.00","21"
[Linea 1098] Rechazado por catalogo | "SUC01","SUC04","Huevo Blanco Suli - 12 uds","880300500004","Huevo","2027-09-18","Suli","16.75","28"
[Linea 1099] Rechazado por catalogo | "SUC02","SUC04","Huevo AA Avicola - 18 uds","880300500005","Huevo","2027-09-26","Avicola, S.A.","26.50","35"
[Linea 1100] Rechazado por catalogo | "SUC04","SUC03","Huevo Blanco Granja - 12 uds","880300500001","Huevo","2027-08-26","Granja","18.00","13"
[Linea 1101] Rechazado por catalogo | "SUC02","SUC06","Huevo Rojo Granja - 30 uds","880300500002","Huevo","2027-09-03","Granja","42.50","20"
[Linea 1102] Rechazado por catalogo | "SUC04","SUC03","Huevo Organico Campo Feliz - 12 uds","880300500003","Huevo","2027-09-11","Campo Feliz","28.00","27"
[Linea 1104] Rechazado por catalogo | "SUC01","SUC02","Huevo AA Avicola - 18 uds","880300500005","Huevo","2027-09-27","Avicola, S.A.","26.50","41"
[Linea 1105] Rechazado por catalogo | "SUC04","SUC03","Huevo Blanco Granja - 12 uds","880300500001","Huevo","2027-08-27","Granja","18.00","19"
[Linea 1106] Rechazado por catalogo | "SUC02","SUC06","Huevo Rojo Granja - 30 uds","880300500002","Huevo","2027-09-04","Granja","42.50","26"
[Linea 1108] Rechazado por catalogo | "SUC01","SUC04","Huevo Blanco Suli - 12 uds","880300500004","Huevo","2027-09-20","Suli","16.75","40"
[Linea 1109] Rechazado por catalogo | "SUC01","SUC03","Huevo AA Avicola - 18 uds","880300500005","Huevo","2027-09-28","Avicola, S.A.","26.50","47"
[Linea 1118] Rechazado por catalogo | "SUC02","SUC04","Nectar Ducal Pera - 330 ml","870200100004","Jugos y Néctares","2027-06-06","Ducal","4.25","73"
[Linea 1119] Rechazado por catalogo | "SUC04","SUC05","Jugo Naturas Naranja - 1 L","870200100005","Jugos y Néctares","2027-06-16","Naturas, Bebidas","12.00","82"
[Linea 1120] Rechazado por catalogo | "SUC04","SUC03","Jugo Del Valle Mango - 1 L","870200100001","Jugos y Néctares","2027-05-08","Del Valle","9.75","54"
[Linea 1122] Rechazado por catalogo | "SUC02","SUC04","Jugo Kern's Manzana - 1 L","870200100003","Jugos y Néctares","2027-05-28","Kern's","11.25","72"
[Linea 1126] Rechazado por catalogo | "SUC01","SUC07","Nectar Petit Durazno - 200 ml","870200100002","Jugos y Néctares","2027-05-19","Petit","3.50","71"
[Linea 1127] Rechazado por catalogo | "SUC02","SUC06","Jugo Kern's Manzana - 1 L","870200100003","Jugos y Néctares","2027-05-29","Kern's","11.25","80"
[Linea 1128] Rechazado por catalogo | "SUC02","SUC06","Nectar Ducal Pera - 330 ml","870200100004","Jugos y Néctares","2027-06-08","Ducal","4.25","89"
[Linea 1129] Rechazado por catalogo | "SUC01","SUC02","Jugo Naturas Naranja - 1 L","870200100005","Jugos y Néctares","2027-06-18","Naturas, Bebidas","12.00","98"
[Linea 1130] Rechazado por catalogo | "SUC04","SUC05","Jugo Del Valle Mango - 1 L","870200100001","Jugos y Néctares","2027-05-10","Del Valle","9.75","70"
[Linea 1132] Rechazado por catalogo | "SUC01","SUC02","Jugo Kern's Manzana - 1 L","870200100003","Jugos y Néctares","2027-05-30","Kern's","11.25","88"
[Linea 1134] Rechazado por catalogo | "SUC01","SUC02","Jugo Naturas Naranja - 1 L","870200100005","Jugos y Néctares","2027-06-19","Naturas, Bebidas","12.00","20"
[Linea 1136] Rechazado por catalogo | "SUC04","SUC03","Nectar Petit Durazno - 200 ml","870200100002","Jugos y Néctares","2027-05-21","Petit","3.50","87"
[Linea 1137] Rechazado por catalogo | "SUC02","SUC06","Jugo Kern's Manzana - 1 L","870200100003","Jugos y Néctares","2027-05-31","Kern's","11.25","96"
[Linea 1138] Rechazado por catalogo | "SUC02","SUC04","Nectar Ducal Pera - 330 ml","870200100004","Jugos y Néctares","2027-06-10","Ducal","4.25","19"
[Linea 1139] Rechazado por catalogo | "SUC01","SUC07","Jugo Naturas Naranja - 1 L","870200100005","Jugos y Néctares","2027-06-20","Naturas, Bebidas","12.00","28"
[Linea 1140] Rechazado por catalogo | "SUC03","SUC07","Jugo Del Valle Mango - 1 L","870200100001","Jugos y Néctares","2027-05-12","Del Valle","9.75","86"
[Linea 1141] Rechazado por catalogo | "SUC02","SUC04","Nectar Petit Durazno - 200 ml","870200100002","Jugos y Néctares","2027-05-22","Petit","3.50","95"
[Linea 1142] Rechazado por catalogo | "SUC02","SUC04","Jugo Kern's Manzana - 1 L","870200100003","Jugos y Néctares","2027-06-01","Kern's","11.25","18"
[Linea 1143] Rechazado por catalogo | "SUC01","SUC07","Nectar Ducal Pera - 330 ml","870200100004","Jugos y Néctares","2027-06-11","Ducal","4.25","27"
[Linea 1145] Rechazado por catalogo | "SUC01","SUC04","Jugo Del Valle Mango - 1 L","870200100001","Jugos y Néctares","2027-05-13","Del Valle","9.75","94"
[Linea 1146] Rechazado por catalogo | "SUC01","SUC03","Nectar Petit Durazno - 200 ml","870200100002","Jugos y Néctares","2027-05-23","Petit","3.50","17"
[Linea 1147] Rechazado por catalogo | "SUC01","SUC02","Jugo Kern's Manzana - 1 L","870200100003","Jugos y Néctares","2027-06-02","Kern's","11.25","26"
[Linea 1148] Rechazado por catalogo | "SUC02","SUC06","Nectar Ducal Pera - 330 ml","870200100004","Jugos y Néctares","2027-06-12","Ducal","4.25","35"
[Linea 1149] Rechazado por catalogo | "SUC04","SUC03","Jugo Naturas Naranja - 1 L","870200100005","Jugos y Néctares","2027-06-22","Naturas, Bebidas","12.00","44"
[Linea 1150] Rechazado por catalogo | "SUC01","SUC02","Jugo Del Valle Mango - 1 L","870200100001","Jugos y Néctares","2027-05-14","Del Valle","9.75","16"
[Linea 1151] Rechazado por catalogo | "SUC01","SUC07","Nectar Petit Durazno - 200 ml","870200100002","Jugos y Néctares","2027-05-24","Petit","3.50","25"
[Linea 1153] Rechazado por catalogo | "SUC01","SUC04","Nectar Ducal Pera - 330 ml","870200100004","Jugos y Néctares","2027-06-13","Ducal","4.25","43"
[Linea 1154] Rechazado por catalogo | "SUC01","SUC03","Jugo Naturas Naranja - 1 L","870200100005","Jugos y Néctares","2027-06-23","Naturas, Bebidas","12.00","52"
[Linea 1155] Rechazado por catalogo | "SUC02","SUC06","Jugo Del Valle Mango - 1 L","870200100001","Jugos y Néctares","2027-05-15","Del Valle","9.75","24"
[Linea 1156] Rechazado por catalogo | "SUC03","SUC07","Nectar Petit Durazno - 200 ml","870200100002","Jugos y Néctares","2027-05-25","Petit","3.50","33"
[Linea 1158] Rechazado por catalogo | "SUC01","SUC04","Nectar Ducal Pera - 330 ml","870200100004","Jugos y Néctares","2027-06-14","Ducal","4.25","51"
[Linea 1159] Rechazado por catalogo | "SUC02","SUC04","Jugo Naturas Naranja - 1 L","870200100005","Jugos y Néctares","2027-06-24","Naturas, Bebidas","12.00","60"
[Linea 1171] Rechazado por catalogo | "SUC01","SUC03","Gaseosa Coca-Cola Lata - 354 ml","870200200002","Gaseosas","2027-06-11","Coca-Cola","4.86","69"
[Linea 1175] Rechazado por catalogo | "SUC02","SUC04","Gaseosa Coca-Cola Original - 3 L","870200200001","Gaseosas","2027-06-02","Coca-Cola","19.50","68"
[Linea 1179] Rechazado por catalogo | "SUC01","SUC03","Gaseosa Canada Dry Ginger Ale - 355 ml","870200200005","Gaseosas","2027-07-12","Canada Dry, Beverages","5.25","18"
[Linea 1181] Rechazado por catalogo | "SUC01","SUC02","Gaseosa Coca-Cola Lata - 354 ml","870200200002","Gaseosas","2027-06-13","Coca-Cola","4.86","85"
[Linea 1182] Rechazado por catalogo | "SUC02","SUC06","Gaseosa Pepsi Original - 2.5 L","870200200003","Gaseosas","2027-06-23","Pepsi","15.75","94"
[Linea 1183] Rechazado por catalogo | "SUC05","SUC06","Gaseosa Sprite Limon - 2 L","870200200004","Gaseosas","2027-07-03","Sprite","13.90","17"
[Linea 1184] Rechazado por catalogo | "SUC01","SUC03","Gaseosa Canada Dry Ginger Ale - 355 ml","870200200005","Gaseosas","2027-07-13","Canada Dry, Beverages","5.25","26"
[Linea 1185] Rechazado por catalogo | "SUC04","SUC03","Gaseosa Coca-Cola Original - 3 L","870200200001","Gaseosas","2027-06-04","Coca-Cola","19.50","84"
[Linea 1187] Rechazado por catalogo | "SUC02","SUC06","Gaseosa Pepsi Original - 2.5 L","870200200003","Gaseosas","2027-06-24","Pepsi","15.75","16"
[Linea 1188] Rechazado por catalogo | "SUC01","SUC07","Gaseosa Sprite Limon - 2 L","870200200004","Gaseosas","2027-07-04","Sprite","13.90","25"
[Linea 1190] Rechazado por catalogo | "SUC03","SUC07","Gaseosa Coca-Cola Original - 3 L","870200200001","Gaseosas","2027-06-05","Coca-Cola","19.50","92"
[Linea 1191] Rechazado por catalogo | "SUC01","SUC03","Gaseosa Coca-Cola Lata - 354 ml","870200200002","Gaseosas","2027-06-15","Coca-Cola","4.86","15"
[Linea 1192] Rechazado por catalogo | "SUC02","SUC04","Gaseosa Pepsi Original - 2.5 L","870200200003","Gaseosas","2027-06-25","Pepsi","15.75","24"
[Linea 1193] Rechazado por catalogo | "SUC04","SUC03","Gaseosa Sprite Limon - 2 L","870200200004","Gaseosas","2027-07-05","Sprite","13.90","33"
[Linea 1194] Rechazado por catalogo | "SUC01","SUC02","Gaseosa Canada Dry Ginger Ale - 355 ml","870200200005","Gaseosas","2027-07-15","Canada Dry, Beverages","5.25","42"
[Linea 1195] Rechazado por catalogo | "SUC01","SUC07","Gaseosa Coca-Cola Original - 3 L","870200200001","Gaseosas","2027-06-06","Coca-Cola","19.50","100"
[Linea 1196] Rechazado por catalogo | "SUC05","SUC06","Gaseosa Coca-Cola Lata - 354 ml","870200200002","Gaseosas","2027-06-16","Coca-Cola","4.86","23"
[Linea 1197] Rechazado por catalogo | "SUC03","SUC07","Gaseosa Pepsi Original - 2.5 L","870200200003","Gaseosas","2027-06-26","Pepsi","15.75","32"
[Linea 1198] Rechazado por catalogo | "SUC01","SUC07","Gaseosa Sprite Limon - 2 L","870200200004","Gaseosas","2027-07-06","Sprite","13.90","41"
[Linea 1199] Rechazado por catalogo | "SUC02","SUC04","Gaseosa Canada Dry Ginger Ale - 355 ml","870200200005","Gaseosas","2027-07-16","Canada Dry, Beverages","5.25","50"
[Linea 1200] Rechazado por catalogo | "SUC01","SUC03","Gaseosa Coca-Cola Original - 3 L","870200200001","Gaseosas","2027-06-07","Coca-Cola","19.50","22"
[Linea 1201] Rechazado por catalogo | "SUC04","SUC03","Gaseosa Coca-Cola Lata - 354 ml","870200200002","Gaseosas","2027-06-17","Coca-Cola","4.86","31"
[Linea 1202] Rechazado por catalogo | "SUC02","SUC06","Gaseosa Pepsi Original - 2.5 L","870200200003","Gaseosas","2027-06-27","Pepsi","15.75","40"
[Linea 1203] Rechazado por catalogo | "SUC04","SUC05","Gaseosa Sprite Limon - 2 L","870200200004","Gaseosas","2027-07-07","Sprite","13.90","49"
[Linea 1204] Rechazado por catalogo | "SUC01","SUC03","Gaseosa Canada Dry Ginger Ale - 355 ml","870200200005","Gaseosas","2027-07-17","Canada Dry, Beverages","5.25","58"
[Linea 1205] Rechazado por catalogo | "SUC01","SUC04","Gaseosa Coca-Cola Original - 3 L","870200200001","Gaseosas","2027-06-08","Coca-Cola","19.50","30"
[Linea 1206] Rechazado por catalogo | "SUC01","SUC02","Gaseosa Coca-Cola Lata - 354 ml","870200200002","Gaseosas","2027-06-18","Coca-Cola","4.86","39"
[Linea 1209] Rechazado por catalogo | "SUC04","SUC03","Gaseosa Canada Dry Ginger Ale - 355 ml","870200200005","Gaseosas","2027-07-18","Canada Dry, Beverages","5.25","66"
[Linea 1218] Rechazado por catalogo | "SUC05","SUC06","Bebida Electrolit Suero - 625 ml","870200300004","Energizantes e Hidratantes","2027-07-24","Electrolit","17.50","85"
[Linea 1220] Rechazado por catalogo | "SUC01","SUC07","Bebida Revive - 400 ml","870200300001","Energizantes e Hidratantes","2027-06-25","Revive","2.20","66"
[Linea 1221] Rechazado por catalogo | "SUC01","SUC04","Bebida Energizante Red Bull - 250 ml","870200300002","Energizantes e Hidratantes","2027-07-05","Red Bull, GmbH","12.50","75"
[Linea 1224] Rechazado por catalogo | "SUC04","SUC03","Bebida Monster Energy - 473 ml","870200300005","Energizantes e Hidratantes","2027-08-04","Monster, Energy","16.90","16"
[Linea 1225] Rechazado por catalogo | "SUC01","SUC07","Bebida Revive - 400 ml","870200300001","Energizantes e Hidratantes","2027-06-26","Revive","2.20","74"
[Linea 1226] Rechazado por catalogo | "SUC04","SUC05","Bebida Energizante Red Bull - 250 ml","870200300002","Energizantes e Hidratantes","2027-07-06","Red Bull, GmbH","12.50","83"
[Linea 1227] Rechazado por catalogo | "SUC02","SUC06","Hidratante Gatorade Naranja - 600 ml","870200300003","Energizantes e Hidratantes","2027-07-16","Gatorade","8.75","92"
[Linea 1228] Rechazado por catalogo | "SUC01","SUC02","Bebida Electrolit Suero - 625 ml","870200300004","Energizantes e Hidratantes","2027-07-26","Electrolit","17.50","15"
[Linea 1231] Rechazado por catalogo | "SUC04","SUC03","Bebida Energizante Red Bull - 250 ml","870200300002","Energizantes e Hidratantes","2027-07-07","Red Bull, GmbH","12.50","91"
[Linea 1232] Rechazado por catalogo | "SUC04","SUC03","Hidratante Gatorade Naranja - 600 ml","870200300003","Energizantes e Hidratantes","2027-07-17","Gatorade","8.75","100"
[Linea 1234] Rechazado por catalogo | "SUC03","SUC07","Bebida Monster Energy - 473 ml","870200300005","Energizantes e Hidratantes","2027-08-06","Monster, Energy","16.90","32"
[Linea 1235] Rechazado por catalogo | "SUC01","SUC03","Bebida Revive - 400 ml","870200300001","Energizantes e Hidratantes","2027-06-28","Revive","2.20","90"
[Linea 1239] Rechazado por catalogo | "SUC01","SUC02","Bebida Monster Energy - 473 ml","870200300005","Energizantes e Hidratantes","2027-08-07","Monster, Energy","16.90","40"
[Linea 1240] Rechazado por catalogo | "SUC04","SUC05","Bebida Revive - 400 ml","870200300001","Energizantes e Hidratantes","2027-06-29","Revive","2.20","98"
[Linea 1242] Rechazado por catalogo | "SUC02","SUC04","Hidratante Gatorade Naranja - 600 ml","870200300003","Energizantes e Hidratantes","2027-07-19","Gatorade","8.75","30"
[Linea 1243] Rechazado por catalogo | "SUC01","SUC03","Bebida Electrolit Suero - 625 ml","870200300004","Energizantes e Hidratantes","2027-07-29","Electrolit","17.50","39"
[Linea 1244] Rechazado por catalogo | "SUC04","SUC03","Bebida Monster Energy - 473 ml","870200300005","Energizantes e Hidratantes","2027-08-08","Monster, Energy","16.90","48"
[Linea 1245] Rechazado por catalogo | "SUC01","SUC03","Bebida Revive - 400 ml","870200300001","Energizantes e Hidratantes","2027-06-30","Revive","2.20","20"
[Linea 1246] Rechazado por catalogo | "SUC02","SUC04","Bebida Energizante Red Bull - 250 ml","870200300002","Energizantes e Hidratantes","2027-07-10","Red Bull, GmbH","12.50","29"
[Linea 1248] Rechazado por catalogo | "SUC01","SUC02","Bebida Electrolit Suero - 625 ml","870200300004","Energizantes e Hidratantes","2027-07-30","Electrolit","17.50","47"
[Linea 1249] Rechazado por catalogo | "SUC01","SUC02","Bebida Monster Energy - 473 ml","870200300005","Energizantes e Hidratantes","2027-08-09","Monster, Energy","16.90","56"
[Linea 1251] Rechazado por catalogo | "SUC02","SUC04","Bebida Energizante Red Bull - 250 ml","870200300002","Energizantes e Hidratantes","2027-07-11","Red Bull, GmbH","12.50","37"
[Linea 1252] Rechazado por catalogo | "SUC01","SUC04","Hidratante Gatorade Naranja - 600 ml","870200300003","Energizantes e Hidratantes","2027-07-21","Gatorade","8.75","46"
[Linea 1253] Rechazado por catalogo | "SUC01","SUC07","Bebida Electrolit Suero - 625 ml","870200300004","Energizantes e Hidratantes","2027-07-31","Electrolit","17.50","55"
[Linea 1255] Rechazado por catalogo | "SUC01","SUC03","Bebida Revive - 400 ml","870200300001","Energizantes e Hidratantes","2027-07-02","Revive","2.20","36"
[Linea 1257] Rechazado por catalogo | "SUC02","SUC04","Hidratante Gatorade Naranja - 600 ml","870200300003","Energizantes e Hidratantes","2027-07-22","Gatorade","8.75","54"
[Linea 1258] Rechazado por catalogo | "SUC01","SUC07","Bebida Electrolit Suero - 625 ml","870200300004","Energizantes e Hidratantes","2027-08-01","Electrolit","17.50","63"
[Linea 1259] Rechazado por catalogo | "SUC02","SUC04","Bebida Monster Energy - 473 ml","870200300005","Energizantes e Hidratantes","2027-08-11","Monster, Energy","16.90","72"
[Linea 1265] Rechazado por catalogo | "SUC02","SUC06","Agua Purificada Salvavidas - 600 ml","870200400001","Agua","2027-07-18","Salvavidas","4.50","64"
[Linea 1267] Rechazado por catalogo | "SUC01","SUC04","Agua Mineral Salutaris - 355 ml","870200400003","Agua","2027-08-07","Salutaris","5.10","82"
[Linea 1271] Rechazado por catalogo | "SUC01","SUC03","Agua Pura Scandia - 1 L","870200400002","Agua","2027-07-29","Scandia","5.25","81"
[Linea 1272] Rechazado por catalogo | "SUC01","SUC02","Agua Mineral Salutaris - 355 ml","870200400003","Agua","2027-08-08","Salutaris","5.10","90"
[Linea 1273] Rechazado por catalogo | "SUC01","SUC04","Agua Purificada Great Value - 20 L","870200400004","Agua","2027-08-18","Great Value","68.50","99"
[Linea 1274] Rechazado por catalogo | "SUC01","SUC02","Agua Pura Cielo - 2.5 L","870200400005","Agua","2027-08-28","Cielo, Waters","8.00","22"
[Linea 1277] Rechazado por catalogo | "SUC01","SUC07","Agua Mineral Salutaris - 355 ml","870200400003","Agua","2027-08-09","Salutaris","5.10","98"
[Linea 1279] Rechazado por catalogo | "SUC01","SUC02","Agua Pura Cielo - 2.5 L","870200400005","Agua","2027-08-29","Cielo, Waters","8.00","30"
[Linea 1280] Rechazado por catalogo | "SUC01","SUC04","Agua Purificada Salvavidas - 600 ml","870200400001","Agua","2027-07-21","Salvavidas","4.50","88"
[Linea 1281] Rechazado por catalogo | "SUC02","SUC06","Agua Pura Scandia - 1 L","870200400002","Agua","2027-07-31","Scandia","5.25","97"
[Linea 1282] Rechazado por catalogo | "SUC01","SUC02","Agua Mineral Salutaris - 355 ml","870200400003","Agua","2027-08-10","Salutaris","5.10","20"
[Linea 1283] Rechazado por catalogo | "SUC01","SUC04","Agua Purificada Great Value - 20 L","870200400004","Agua","2027-08-20","Great Value","68.50","29"
[Linea 1286] Rechazado por catalogo | "SUC01","SUC03","Agua Pura Scandia - 1 L","870200400002","Agua","2027-08-01","Scandia","5.25","19"
[Linea 1287] Rechazado por catalogo | "SUC01","SUC03","Agua Mineral Salutaris - 355 ml","870200400003","Agua","2027-08-11","Salutaris","5.10","28"
[Linea 1289] Rechazado por catalogo | "SUC04","SUC03","Agua Pura Cielo - 2.5 L","870200400005","Agua","2027-08-31","Cielo, Waters","8.00","46"
[Linea 1290] Rechazado por catalogo | "SUC03","SUC07","Agua Purificada Salvavidas - 600 ml","870200400001","Agua","2027-07-23","Salvavidas","4.50","18"
[Linea 1292] Rechazado por catalogo | "SUC01","SUC07","Agua Mineral Salutaris - 355 ml","870200400003","Agua","2027-08-12","Salutaris","5.10","36"
[Linea 1293] Rechazado por catalogo | "SUC01","SUC03","Agua Purificada Great Value - 20 L","870200400004","Agua","2027-08-22","Great Value","68.50","45"
[Linea 1294] Rechazado por catalogo | "SUC04","SUC03","Agua Pura Cielo - 2.5 L","870200400005","Agua","2027-09-01","Cielo, Waters","8.00","54"
[Linea 1295] Rechazado por catalogo | "SUC05","SUC06","Agua Purificada Salvavidas - 600 ml","870200400001","Agua","2027-07-24","Salvavidas","4.50","26"
[Linea 1296] Rechazado por catalogo | "SUC02","SUC04","Agua Pura Scandia - 1 L","870200400002","Agua","2027-08-03","Scandia","5.25","35"
[Linea 1297] Rechazado por catalogo | "SUC01","SUC07","Agua Mineral Salutaris - 355 ml","870200400003","Agua","2027-08-13","Salutaris","5.10","44"
[Linea 1298] Rechazado por catalogo | "SUC01","SUC02","Agua Purificada Great Value - 20 L","870200400004","Agua","2027-08-23","Great Value","68.50","53"
[Linea 1300] Rechazado por catalogo | "SUC02","SUC06","Agua Purificada Salvavidas - 600 ml","870200400001","Agua","2027-07-25","Salvavidas","4.50","34"
[Linea 1302] Rechazado por catalogo | "SUC01","SUC02","Agua Mineral Salutaris - 355 ml","870200400003","Agua","2027-08-14","Salutaris","5.10","52"
[Linea 1303] Rechazado por catalogo | "SUC01","SUC02","Agua Purificada Great Value - 20 L","870200400004","Agua","2027-08-24","Great Value","68.50","61"
[Linea 1304] Rechazado por catalogo | "SUC04","SUC03","Agua Pura Cielo - 2.5 L","870200400005","Agua","2027-09-03","Cielo, Waters","8.00","70"
[Linea 1306] Rechazado por catalogo | "SUC04","SUC05","Agua Pura Scandia - 1 L","870200400002","Agua","2027-08-05","Scandia","5.25","51"
[Linea 1307] Rechazado por catalogo | "SUC01","SUC03","Agua Mineral Salutaris - 355 ml","870200400003","Agua","2027-08-15","Salutaris","5.10","60"
[Linea 1308] Rechazado por catalogo | "SUC04","SUC03","Agua Purificada Great Value - 20 L","870200400004","Agua","2027-08-25","Great Value","68.50","69"
[Linea 1309] Rechazado por catalogo | "SUC04","SUC03","Agua Pura Cielo - 2.5 L","870200400005","Agua","2027-09-04","Cielo, Waters","8.00","78"
[Linea 1315] Rechazado por catalogo | "SUC01","SUC03","Mani Salado Suli - 200 g","870100100001","Snacks y Fruta Seca","2027-02-14","Suli","12.50","40"
[Linea 1316] Rechazado por catalogo | "SUC01","SUC04","Pasas Del Monte - 150 g","870100100002","Snacks y Fruta Seca","2027-02-26","Del Monte","14.25","51"
[Linea 1318] Rechazado por catalogo | "SUC01","SUC07","Almendras Great Value - 200 g","870100100004","Snacks y Fruta Seca","2027-03-22","Great Value","34.75","73"
[Linea 1319] Rechazado por catalogo | "SUC01","SUC07","Nachos Tostitos - 240 g","870100100005","Snacks y Fruta Seca","2027-04-03","Tostitos, Snacks","22.00","84"
[Linea 1323] Rechazado por catalogo | "SUC01","SUC07","Almendras Great Value - 200 g","870100100004","Snacks y Fruta Seca","2027-03-23","Great Value","34.75","80"
[Linea 1328] Rechazado por catalogo | "SUC01","SUC07","Almendras Great Value - 200 g","870100100004","Snacks y Fruta Seca","2027-03-24","Great Value","34.75","87"
[Linea 1330] Rechazado por catalogo | "SUC01","SUC03","Mani Salado Suli - 200 g","870100100001","Snacks y Fruta Seca","2027-02-17","Suli","12.50","61"
[Linea 1331] Rechazado por catalogo | "SUC01","SUC03","Pasas Del Monte - 150 g","870100100002","Snacks y Fruta Seca","2027-03-01","Del Monte","14.25","72"
[Linea 1332] Rechazado por catalogo | "SUC05","SUC06","Mix Frutos Secos Nature Valley - 180 g","870100100003","Snacks y Fruta Seca","2027-03-13","Nature Valley","28.90","83"
[Linea 1334] Rechazado por catalogo | "SUC04","SUC05","Nachos Tostitos - 240 g","870100100005","Snacks y Fruta Seca","2027-04-06","Tostitos, Snacks","22.00","14"
[Linea 1337] Rechazado por catalogo | "SUC04","SUC05","Mix Frutos Secos Nature Valley - 180 g","870100100003","Snacks y Fruta Seca","2027-03-14","Nature Valley","28.90","90"
[Linea 1339] Rechazado por catalogo | "SUC04","SUC03","Nachos Tostitos - 240 g","870100100005","Snacks y Fruta Seca","2027-04-07","Tostitos, Snacks","22.00","21"
[Linea 1340] Rechazado por catalogo | "SUC04","SUC05","Mani Salado Suli - 200 g","870100100001","Snacks y Fruta Seca","2027-02-19","Suli","12.50","75"
[Linea 1341] Rechazado por catalogo | "SUC04","SUC05","Pasas Del Monte - 150 g","870100100002","Snacks y Fruta Seca","2027-03-03","Del Monte","14.25","86"
[Linea 1343] Rechazado por catalogo | "SUC03","SUC07","Almendras Great Value - 200 g","870100100004","Snacks y Fruta Seca","2027-03-27","Great Value","34.75","17"
[Linea 1344] Rechazado por catalogo | "SUC04","SUC05","Nachos Tostitos - 240 g","870100100005","Snacks y Fruta Seca","2027-04-08","Tostitos, Snacks","22.00","28"
[Linea 1346] Rechazado por catalogo | "SUC02","SUC06","Pasas Del Monte - 150 g","870100100002","Snacks y Fruta Seca","2027-03-04","Del Monte","14.25","93"
[Linea 1347] Rechazado por catalogo | "SUC03","SUC07","Mix Frutos Secos Nature Valley - 180 g","870100100003","Snacks y Fruta Seca","2027-03-16","Nature Valley","28.90","13"
[Linea 1348] Rechazado por catalogo | "SUC01","SUC04","Almendras Great Value - 200 g","870100100004","Snacks y Fruta Seca","2027-03-28","Great Value","34.75","24"
[Linea 1349] Rechazado por catalogo | "SUC04","SUC03","Nachos Tostitos - 240 g","870100100005","Snacks y Fruta Seca","2027-04-09","Tostitos, Snacks","22.00","35"
[Linea 1350] Rechazado por catalogo | "SUC01","SUC03","Mani Salado Suli - 200 g","870100100001","Snacks y Fruta Seca","2027-02-21","Suli","12.50","89"
[Linea 1351] Rechazado por catalogo | "SUC01","SUC03","Pasas Del Monte - 150 g","870100100002","Snacks y Fruta Seca","2027-03-05","Del Monte","14.25","100"
[Linea 1352] Rechazado por catalogo | "SUC01","SUC03","Mix Frutos Secos Nature Valley - 180 g","870100100003","Snacks y Fruta Seca","2027-03-17","Nature Valley","28.90","20"
[Linea 1353] Rechazado por catalogo | "SUC01","SUC03","Almendras Great Value - 200 g","870100100004","Snacks y Fruta Seca","2027-03-29","Great Value","34.75","31"
[Linea 1354] Rechazado por catalogo | "SUC04","SUC05","Nachos Tostitos - 240 g","870100100005","Snacks y Fruta Seca","2027-04-10","Tostitos, Snacks","22.00","42"
[Linea 1355] Rechazado por catalogo | "SUC01","SUC03","Mani Salado Suli - 200 g","870100100001","Snacks y Fruta Seca","2027-02-22","Suli","12.50","96"
[Linea 1356] Rechazado por catalogo | "SUC03","SUC07","Pasas Del Monte - 150 g","870100100002","Snacks y Fruta Seca","2027-03-06","Del Monte","14.25","16"
[Linea 1357] Rechazado por catalogo | "SUC01","SUC04","Mix Frutos Secos Nature Valley - 180 g","870100100003","Snacks y Fruta Seca","2027-03-18","Nature Valley","28.90","27"
[Linea 1359] Rechazado por catalogo | "SUC01","SUC02","Nachos Tostitos - 240 g","870100100005","Snacks y Fruta Seca","2027-04-11","Tostitos, Snacks","22.00","49"
[Linea 1370] Rechazado por catalogo | "SUC01","SUC07","Chocolate Hersheys Milk - 43 g","870100200001","Dulces y Chocolates","2027-03-17","Hersheys","8.50","52"
[Linea 1373] Rechazado por catalogo | "SUC01","SUC03","Chocolate Snickers - 52 g","870100200004","Dulces y Chocolates","2027-04-22","Snickers","7.90","85"
[Linea 1374] Rechazado por catalogo | "SUC01","SUC07","Dulce Skittles Original - 61 g","870100200005","Dulces y Chocolates","2027-05-04","Mars, Inc.","10.50","96"
[Linea 1376] Rechazado por catalogo | "SUC02","SUC04","Gomitas Trolli Gusanos - 100 g","870100200002","Dulces y Chocolates","2027-03-30","Trolli","9.75","70"
[Linea 1379] Rechazado por catalogo | "SUC02","SUC04","Dulce Skittles Original - 61 g","870100200005","Dulces y Chocolates","2027-05-05","Mars, Inc.","10.50","12"
[Linea 1380] Rechazado por catalogo | "SUC01","SUC03","Chocolate Hersheys Milk - 43 g","870100200001","Dulces y Chocolates","2027-03-19","Hersheys","8.50","66"
[Linea 1381] Rechazado por catalogo | "SUC03","SUC07","Gomitas Trolli Gusanos - 100 g","870100200002","Dulces y Chocolates","2027-03-31","Trolli","9.75","77"
[Linea 1382] Rechazado por catalogo | "SUC05","SUC06","Caramelo Mentos Fruta - 37 g","870100200003","Dulces y Chocolates","2027-04-12","Mentos","5.25","88"
[Linea 1383] Rechazado por catalogo | "SUC03","SUC07","Chocolate Snickers - 52 g","870100200004","Dulces y Chocolates","2027-04-24","Snickers","7.90","99"
[Linea 1384] Rechazado por catalogo | "SUC01","SUC03","Dulce Skittles Original - 61 g","870100200005","Dulces y Chocolates","2027-05-06","Mars, Inc.","10.50","19"
[Linea 1388] Rechazado por catalogo | "SUC04","SUC05","Chocolate Snickers - 52 g","870100200004","Dulces y Chocolates","2027-04-25","Snickers","7.90","15"
[Linea 1390] Rechazado por catalogo | "SUC01","SUC07","Chocolate Hersheys Milk - 43 g","870100200001","Dulces y Chocolates","2027-03-21","Hersheys","8.50","80"
[Linea 1391] Rechazado por catalogo | "SUC01","SUC07","Gomitas Trolli Gusanos - 100 g","870100200002","Dulces y Chocolates","2027-04-02","Trolli","9.75","91"
[Linea 1392] Rechazado por catalogo | "SUC05","SUC06","Caramelo Mentos Fruta - 37 g","870100200003","Dulces y Chocolates","2027-04-14","Mentos","5.25","11"
[Linea 1393] Rechazado por catalogo | "SUC01","SUC02","Chocolate Snickers - 52 g","870100200004","Dulces y Chocolates","2027-04-26","Snickers","7.90","22"
[Linea 1394] Rechazado por catalogo | "SUC01","SUC07","Dulce Skittles Original - 61 g","870100200005","Dulces y Chocolates","2027-05-08","Mars, Inc.","10.50","33"
[Linea 1395] Rechazado por catalogo | "SUC02","SUC06","Chocolate Hersheys Milk - 43 g","870100200001","Dulces y Chocolates","2027-03-22","Hersheys","8.50","87"
[Linea 1396] Rechazado por catalogo | "SUC01","SUC02","Gomitas Trolli Gusanos - 100 g","870100200002","Dulces y Chocolates","2027-04-03","Trolli","9.75","98"
[Linea 1397] Rechazado por catalogo | "SUC01","SUC04","Caramelo Mentos Fruta - 37 g","870100200003","Dulces y Chocolates","2027-04-15","Mentos","5.25","18"
[Linea 1399] Rechazado por catalogo | "SUC02","SUC06","Dulce Skittles Original - 61 g","870100200005","Dulces y Chocolates","2027-05-09","Mars, Inc.","10.50","40"
[Linea 1401] Rechazado por catalogo | "SUC03","SUC07","Gomitas Trolli Gusanos - 100 g","870100200002","Dulces y Chocolates","2027-04-04","Trolli","9.75","14"
[Linea 1402] Rechazado por catalogo | "SUC01","SUC02","Caramelo Mentos Fruta - 37 g","870100200003","Dulces y Chocolates","2027-04-16","Mentos","5.25","25"
[Linea 1403] Rechazado por catalogo | "SUC01","SUC04","Chocolate Snickers - 52 g","870100200004","Dulces y Chocolates","2027-04-28","Snickers","7.90","36"
[Linea 1404] Rechazado por catalogo | "SUC01","SUC04","Dulce Skittles Original - 61 g","870100200005","Dulces y Chocolates","2027-05-10","Mars, Inc.","10.50","47"
[Linea 1405] Rechazado por catalogo | "SUC01","SUC07","Chocolate Hersheys Milk - 43 g","870100200001","Dulces y Chocolates","2027-03-24","Hersheys","8.50","10"
[Linea 1407] Rechazado por catalogo | "SUC01","SUC03","Caramelo Mentos Fruta - 37 g","870100200003","Dulces y Chocolates","2027-04-17","Mentos","5.25","32"
[Linea 1408] Rechazado por catalogo | "SUC01","SUC04","Chocolate Snickers - 52 g","870100200004","Dulces y Chocolates","2027-04-29","Snickers","7.90","43"
[Linea 1409] Rechazado por catalogo | "SUC01","SUC02","Dulce Skittles Original - 61 g","870100200005","Dulces y Chocolates","2027-05-11","Mars, Inc.","10.50","54"
[Linea 1422] Rechazado por catalogo | "SUC01","SUC07","Cereal Avena Integral Suli - 400 g","870100300004","Cereales y Barras","2027-05-22","Suli","13.50","90"
[Linea 1425] Rechazado por catalogo | "SUC01","SUC04","Cereal Choco Krispis Kelloggs - 330 g","870100300002","Cereales y Barras","2027-04-29","Kelloggs","28.50","75"
[Linea 1426] Rechazado por catalogo | "SUC01","SUC04","Barra Granola Quaker - 6 uds","870100300003","Cereales y Barras","2027-05-11","Quaker","18.75","86"
[Linea 1427] Rechazado por catalogo | "SUC01","SUC07","Cereal Avena Integral Suli - 400 g","870100300004","Cereales y Barras","2027-05-23","Suli","13.50","97"
[Linea 1428] Rechazado por catalogo | "SUC01","SUC02","Barra Nature Valley Miel - 210 g","870100300005","Cereales y Barras","2027-06-04","Nature Valley, Foods","26.00","17"
[Linea 1429] Rechazado por catalogo | "SUC01","SUC03","Cereal Corn Flakes Kelloggs - 300 g","870100300001","Cereales y Barras","2027-04-18","Kelloggs","24.00","71"
[Linea 1433] Rechazado por catalogo | "SUC04","SUC03","Barra Nature Valley Miel - 210 g","870100300005","Cereales y Barras","2027-06-05","Nature Valley, Foods","26.00","24"
[Linea 1434] Rechazado por catalogo | "SUC01","SUC07","Cereal Corn Flakes Kelloggs - 300 g","870100300001","Cereales y Barras","2027-04-19","Kelloggs","24.00","78"
[Linea 1435] Rechazado por catalogo | "SUC04","SUC03","Cereal Choco Krispis Kelloggs - 330 g","870100300002","Cereales y Barras","2027-05-01","Kelloggs","28.50","89"
[Linea 1436] Rechazado por catalogo | "SUC04","SUC05","Barra Granola Quaker - 6 uds","870100300003","Cereales y Barras","2027-05-13","Quaker","18.75","100"
[Linea 1437] Rechazado por catalogo | "SUC02","SUC06","Cereal Avena Integral Suli - 400 g","870100300004","Cereales y Barras","2027-05-25","Suli","13.50","20"
[Linea 1440] Rechazado por catalogo | "SUC01","SUC03","Cereal Choco Krispis Kelloggs - 330 g","870100300002","Cereales y Barras","2027-05-02","Kelloggs","28.50","96"
[Linea 1441] Rechazado por catalogo | "SUC03","SUC07","Barra Granola Quaker - 6 uds","870100300003","Cereales y Barras","2027-05-14","Quaker","18.75","16"
[Linea 1442] Rechazado por catalogo | "SUC04","SUC05","Cereal Avena Integral Suli - 400 g","870100300004","Cereales y Barras","2027-05-26","Suli","13.50","27"
[Linea 1443] Rechazado por catalogo | "SUC01","SUC03","Barra Nature Valley Miel - 210 g","870100300005","Cereales y Barras","2027-06-07","Nature Valley, Foods","26.00","38"
[Linea 1444] Rechazado por catalogo | "SUC02","SUC06","Cereal Corn Flakes Kelloggs - 300 g","870100300001","Cereales y Barras","2027-04-21","Kelloggs","24.00","92"
[Linea 1445] Rechazado por catalogo | "SUC01","SUC07","Cereal Choco Krispis Kelloggs - 330 g","870100300002","Cereales y Barras","2027-05-03","Kelloggs","28.50","12"
[Linea 1446] Rechazado por catalogo | "SUC04","SUC03","Barra Granola Quaker - 6 uds","870100300003","Cereales y Barras","2027-05-15","Quaker","18.75","23"
[Linea 1448] Rechazado por catalogo | "SUC02","SUC06","Barra Nature Valley Miel - 210 g","870100300005","Cereales y Barras","2027-06-08","Nature Valley, Foods","26.00","45"
[Linea 1449] Rechazado por catalogo | "SUC01","SUC02","Cereal Corn Flakes Kelloggs - 300 g","870100300001","Cereales y Barras","2027-04-22","Kelloggs","24.00","99"
[Linea 1450] Rechazado por catalogo | "SUC02","SUC04","Cereal Choco Krispis Kelloggs - 330 g","870100300002","Cereales y Barras","2027-05-04","Kelloggs","28.50","19"
[Linea 1451] Rechazado por catalogo | "SUC04","SUC05","Barra Granola Quaker - 6 uds","870100300003","Cereales y Barras","2027-05-16","Quaker","18.75","30"
[Linea 1452] Rechazado por catalogo | "SUC01","SUC07","Cereal Avena Integral Suli - 400 g","870100300004","Cereales y Barras","2027-05-28","Suli","13.50","41"
[Linea 1453] Rechazado por catalogo | "SUC01","SUC02","Barra Nature Valley Miel - 210 g","870100300005","Cereales y Barras","2027-06-09","Nature Valley, Foods","26.00","52"
[Linea 1454] Rechazado por catalogo | "SUC01","SUC02","Cereal Corn Flakes Kelloggs - 300 g","870100300001","Cereales y Barras","2027-04-23","Kelloggs","24.00","15"
[Linea 1455] Rechazado por catalogo | "SUC02","SUC04","Cereal Choco Krispis Kelloggs - 330 g","870100300002","Cereales y Barras","2027-05-05","Kelloggs","28.50","26"
[Linea 1457] Rechazado por catalogo | "SUC02","SUC04","Cereal Avena Integral Suli - 400 g","870100300004","Cereales y Barras","2027-05-29","Suli","13.50","48"
[Linea 1458] Rechazado por catalogo | "SUC01","SUC04","Barra Nature Valley Miel - 210 g","870100300005","Cereales y Barras","2027-06-10","Nature Valley, Foods","26.00","59"
[Linea 1467] Rechazado por catalogo | "SUC01","SUC04","Frijoles Volteados Ducal - 400 g","870100400004","Enlatados y Conservas","2027-06-20","Ducal","9.50","88"
[Linea 1470] Rechazado por catalogo | "SUC02","SUC04","Sardina En Salsa Suli - 155 g","870100400002","Enlatados y Conservas","2027-05-28","Suli","7.25","73"
[Linea 1475] Rechazado por catalogo | "SUC04","SUC05","Sardina En Salsa Suli - 155 g","870100400002","Enlatados y Conservas","2027-05-29","Suli","7.25","80"
[Linea 1476] Rechazado por catalogo | "SUC01","SUC02","Maiz Dulce Del Monte - 432 g","870100400003","Enlatados y Conservas","2027-06-10","Del Monte","10.90","91"
[Linea 1478] Rechazado por catalogo | "SUC01","SUC02","Champiñones Great Value - 184 g","870100400005","Enlatados y Conservas","2027-07-04","Great Value, Markets","13.75","22"
[Linea 1479] Rechazado por catalogo | "SUC04","SUC03","Atun En Agua Sardimar - 140 g","870100400001","Enlatados y Conservas","2027-05-18","Sardimar","6.75","76"
[Linea 1481] Rechazado por catalogo | "SUC03","SUC07","Maiz Dulce Del Monte - 432 g","870100400003","Enlatados y Conservas","2027-06-11","Del Monte","10.90","98"
[Linea 1482] Rechazado por catalogo | "SUC01","SUC07","Frijoles Volteados Ducal - 400 g","870100400004","Enlatados y Conservas","2027-06-23","Ducal","9.50","18"
[Linea 1483] Rechazado por catalogo | "SUC04","SUC05","Champiñones Great Value - 184 g","870100400005","Enlatados y Conservas","2027-07-05","Great Value, Markets","13.75","29"
[Linea 1484] Rechazado por catalogo | "SUC01","SUC07","Atun En Agua Sardimar - 140 g","870100400001","Enlatados y Conservas","2027-05-19","Sardimar","6.75","83"
[Linea 1485] Rechazado por catalogo | "SUC04","SUC05","Sardina En Salsa Suli - 155 g","870100400002","Enlatados y Conservas","2027-05-31","Suli","7.25","94"
[Linea 1488] Rechazado por catalogo | "SUC01","SUC03","Champiñones Great Value - 184 g","870100400005","Enlatados y Conservas","2027-07-06","Great Value, Markets","13.75","36"
[Linea 1489] Rechazado por catalogo | "SUC04","SUC05","Atun En Agua Sardimar - 140 g","870100400001","Enlatados y Conservas","2027-05-20","Sardimar","6.75","90"
[Linea 1490] Rechazado por catalogo | "SUC01","SUC02","Sardina En Salsa Suli - 155 g","870100400002","Enlatados y Conservas","2027-06-01","Suli","7.25","10"
[Linea 1491] Rechazado por catalogo | "SUC03","SUC07","Maiz Dulce Del Monte - 432 g","870100400003","Enlatados y Conservas","2027-06-13","Del Monte","10.90","21"
[Linea 1492] Rechazado por catalogo | "SUC01","SUC04","Frijoles Volteados Ducal - 400 g","870100400004","Enlatados y Conservas","2027-06-25","Ducal","9.50","32"
[Linea 1493] Rechazado por catalogo | "SUC01","SUC07","Champiñones Great Value - 184 g","870100400005","Enlatados y Conservas","2027-07-07","Great Value, Markets","13.75","43"
[Linea 1494] Rechazado por catalogo | "SUC04","SUC03","Atun En Agua Sardimar - 140 g","870100400001","Enlatados y Conservas","2027-05-21","Sardimar","6.75","97"
[Linea 1496] Rechazado por catalogo | "SUC01","SUC03","Maiz Dulce Del Monte - 432 g","870100400003","Enlatados y Conservas","2027-06-14","Del Monte","10.90","28"
[Linea 1497] Rechazado por catalogo | "SUC04","SUC05","Frijoles Volteados Ducal - 400 g","870100400004","Enlatados y Conservas","2027-06-26","Ducal","9.50","39"
[Linea 1498] Rechazado por catalogo | "SUC01","SUC03","Champiñones Great Value - 184 g","870100400005","Enlatados y Conservas","2027-07-08","Great Value, Markets","13.75","50"
[Linea 1499] Rechazado por catalogo | "SUC02","SUC04","Atun En Agua Sardimar - 140 g","870100400001","Enlatados y Conservas","2027-05-22","Sardimar","6.75","13"
[Linea 1500] Rechazado por catalogo | "SUC04","SUC05","Sardina En Salsa Suli - 155 g","870100400002","Enlatados y Conservas","2027-06-03","Suli","7.25","24"
[Linea 1501] Rechazado por catalogo | "SUC01","SUC07","Maiz Dulce Del Monte - 432 g","870100400003","Enlatados y Conservas","2027-06-15","Del Monte","10.90","35"
[Linea 1502] Rechazado por catalogo | "SUC04","SUC05","Frijoles Volteados Ducal - 400 g","870100400004","Enlatados y Conservas","2027-06-27","Ducal","9.50","46"
[Linea 1504] Rechazado por catalogo | "SUC01","SUC03","Atun En Agua Sardimar - 140 g","870100400001","Enlatados y Conservas","2027-05-23","Sardimar","6.75","20"
[Linea 1505] Rechazado por catalogo | "SUC04","SUC05","Sardina En Salsa Suli - 155 g","870100400002","Enlatados y Conservas","2027-06-04","Suli","7.25","31"
[Linea 1521] Rechazado por catalogo | "SUC01","SUC03","Tallarines Ina - 200 g","870100500003","Pastas","2027-07-09","Ina","3.50","89"
[Linea 1525] Rechazado por catalogo | "SUC01","SUC04","Coditos Suli - 180 g","870100500002","Pastas","2027-06-28","Suli","2.05","85"
[Linea 1526] Rechazado por catalogo | "SUC01","SUC07","Tallarines Ina - 200 g","870100500003","Pastas","2027-07-10","Ina","3.50","96"
[Linea 1527] Rechazado por catalogo | "SUC01","SUC04","Pasta Penne Barilla - 500 g","870100500004","Pastas","2027-07-22","Barilla","18.25","16"
[Linea 1528] Rechazado por catalogo | "SUC01","SUC03","Lasagna Roma - 400 g","870100500005","Pastas","2027-08-03","Roma, Pasta","22.00","27"
[Linea 1529] Rechazado por catalogo | "SUC01","SUC04","Spagueti Suli - 180 g","870100500001","Pastas","2027-06-17","Suli","2.10","81"
[Linea 1532] Rechazado por catalogo | "SUC01","SUC07","Pasta Penne Barilla - 500 g","870100500004","Pastas","2027-07-23","Barilla","18.25","23"
[Linea 1533] Rechazado por catalogo | "SUC01","SUC07","Lasagna Roma - 400 g","870100500005","Pastas","2027-08-04","Roma, Pasta","22.00","34"
[Linea 1535] Rechazado por catalogo | "SUC01","SUC07","Coditos Suli - 180 g","870100500002","Pastas","2027-06-30","Suli","2.05","99"
[Linea 1536] Rechazado por catalogo | "SUC01","SUC07","Tallarines Ina - 200 g","870100500003","Pastas","2027-07-12","Ina","3.50","19"
[Linea 1537] Rechazado por catalogo | "SUC03","SUC07","Pasta Penne Barilla - 500 g","870100500004","Pastas","2027-07-24","Barilla","18.25","30"
[Linea 1538] Rechazado por catalogo | "SUC03","SUC07","Lasagna Roma - 400 g","870100500005","Pastas","2027-08-05","Roma, Pasta","22.00","41"
[Linea 1539] Rechazado por catalogo | "SUC01","SUC04","Spagueti Suli - 180 g","870100500001","Pastas","2027-06-19","Suli","2.10","95"
[Linea 1540] Rechazado por catalogo | "SUC04","SUC03","Coditos Suli - 180 g","870100500002","Pastas","2027-07-01","Suli","2.05","15"
[Linea 1541] Rechazado por catalogo | "SUC01","SUC03","Tallarines Ina - 200 g","870100500003","Pastas","2027-07-13","Ina","3.50","26"
[Linea 1544] Rechazado por catalogo | "SUC02","SUC06","Spagueti Suli - 180 g","870100500001","Pastas","2027-06-20","Suli","2.10","11"
[Linea 1545] Rechazado por catalogo | "SUC02","SUC06","Coditos Suli - 180 g","870100500002","Pastas","2027-07-02","Suli","2.05","22"
[Linea 1546] Rechazado por catalogo | "SUC01","SUC07","Tallarines Ina - 200 g","870100500003","Pastas","2027-07-14","Ina","3.50","33"
[Linea 1547] Rechazado por catalogo | "SUC01","SUC02","Pasta Penne Barilla - 500 g","870100500004","Pastas","2027-07-26","Barilla","18.25","44"
[Linea 1548] Rechazado por catalogo | "SUC03","SUC07","Lasagna Roma - 400 g","870100500005","Pastas","2027-08-07","Roma, Pasta","22.00","55"
[Linea 1549] Rechazado por catalogo | "SUC05","SUC06","Spagueti Suli - 180 g","870100500001","Pastas","2027-06-21","Suli","2.10","18"
[Linea 1550] Rechazado por catalogo | "SUC01","SUC03","Coditos Suli - 180 g","870100500002","Pastas","2027-07-03","Suli","2.05","29"
[Linea 1551] Rechazado por catalogo | "SUC02","SUC06","Tallarines Ina - 200 g","870100500003","Pastas","2027-07-15","Ina","3.50","40"
[Linea 1552] Rechazado por catalogo | "SUC04","SUC03","Pasta Penne Barilla - 500 g","870100500004","Pastas","2027-07-27","Barilla","18.25","51"
[Linea 1553] Rechazado por catalogo | "SUC04","SUC03","Lasagna Roma - 400 g","870100500005","Pastas","2027-08-08","Roma, Pasta","22.00","62"
[Linea 1554] Rechazado por catalogo | "SUC01","SUC02","Spagueti Suli - 180 g","870100500001","Pastas","2027-06-22","Suli","2.10","25"
[Linea 1555] Rechazado por catalogo | "SUC01","SUC02","Coditos Suli - 180 g","870100500002","Pastas","2027-07-04","Suli","2.05","36"
[Linea 1558] Rechazado por catalogo | "SUC01","SUC03","Lasagna Roma - 400 g","870100500005","Pastas","2027-08-09","Roma, Pasta","22.00","69"
[Linea 1565] Rechazado por catalogo | "SUC01","SUC07","Mayonesa Kraft - 445 g","870100600002","Salsa, Aderezos y Vinagre","2027-07-26","Kraft","14.00","76"
[Linea 1568] Rechazado por catalogo | "SUC04","SUC03","Aderezo Ranch Hidden Valley - 473 ml","870100600005","Salsa, Aderezos y Vinagre","2027-08-31","Hidden Valley, Foods","29.90","18"
[Linea 1569] Rechazado por catalogo | "SUC01","SUC07","Salsa De Tomate Natura - 397 g","870100600001","Salsa, Aderezos y Vinagre","2027-07-15","Natura","5.60","72"
[Linea 1572] Rechazado por catalogo | "SUC01","SUC07","Vinagre Blanco Suli - 500 ml","870100600004","Salsa, Aderezos y Vinagre","2027-08-20","Suli","6.25","14"
[Linea 1573] Rechazado por catalogo | "SUC04","SUC03","Aderezo Ranch Hidden Valley - 473 ml","870100600005","Salsa, Aderezos y Vinagre","2027-09-01","Hidden Valley, Foods","29.90","25"
[Linea 1575] Rechazado por catalogo | "SUC01","SUC04","Mayonesa Kraft - 445 g","870100600002","Salsa, Aderezos y Vinagre","2027-07-28","Kraft","14.00","90"
[Linea 1576] Rechazado por catalogo | "SUC01","SUC02","Mostaza Heinz - 226 g","870100600003","Salsa, Aderezos y Vinagre","2027-08-09","Heinz","10.50","10"
[Linea 1580] Rechazado por catalogo | "SUC01","SUC03","Mayonesa Kraft - 445 g","870100600002","Salsa, Aderezos y Vinagre","2027-07-29","Kraft","14.00","97"
[Linea 1581] Rechazado por catalogo | "SUC05","SUC06","Mostaza Heinz - 226 g","870100600003","Salsa, Aderezos y Vinagre","2027-08-10","Heinz","10.50","17"
[Linea 1582] Rechazado por catalogo | "SUC01","SUC04","Vinagre Blanco Suli - 500 ml","870100600004","Salsa, Aderezos y Vinagre","2027-08-22","Suli","6.25","28"
[Linea 1583] Rechazado por catalogo | "SUC01","SUC02","Aderezo Ranch Hidden Valley - 473 ml","870100600005","Salsa, Aderezos y Vinagre","2027-09-03","Hidden Valley, Foods","29.90","39"
[Linea 1587] Rechazado por catalogo | "SUC05","SUC06","Vinagre Blanco Suli - 500 ml","870100600004","Salsa, Aderezos y Vinagre","2027-08-23","Suli","6.25","35"
[Linea 1589] Rechazado por catalogo | "SUC01","SUC07","Salsa De Tomate Natura - 397 g","870100600001","Salsa, Aderezos y Vinagre","2027-07-19","Natura","5.60","100"
[Linea 1590] Rechazado por catalogo | "SUC01","SUC04","Mayonesa Kraft - 445 g","870100600002","Salsa, Aderezos y Vinagre","2027-07-31","Kraft","14.00","20"
[Linea 1591] Rechazado por catalogo | "SUC03","SUC07","Mostaza Heinz - 226 g","870100600003","Salsa, Aderezos y Vinagre","2027-08-12","Heinz","10.50","31"
[Linea 1594] Rechazado por catalogo | "SUC04","SUC05","Salsa De Tomate Natura - 397 g","870100600001","Salsa, Aderezos y Vinagre","2027-07-20","Natura","5.60","16"
[Linea 1595] Rechazado por catalogo | "SUC04","SUC05","Mayonesa Kraft - 445 g","870100600002","Salsa, Aderezos y Vinagre","2027-08-01","Kraft","14.00","27"
[Linea 1596] Rechazado por catalogo | "SUC03","SUC07","Mostaza Heinz - 226 g","870100600003","Salsa, Aderezos y Vinagre","2027-08-13","Heinz","10.50","38"
[Linea 1597] Rechazado por catalogo | "SUC01","SUC07","Vinagre Blanco Suli - 500 ml","870100600004","Salsa, Aderezos y Vinagre","2027-08-25","Suli","6.25","49"
[Linea 1598] Rechazado por catalogo | "SUC01","SUC02","Aderezo Ranch Hidden Valley - 473 ml","870100600005","Salsa, Aderezos y Vinagre","2027-09-06","Hidden Valley, Foods","29.90","60"
[Linea 1599] Rechazado por catalogo | "SUC03","SUC07","Salsa De Tomate Natura - 397 g","870100600001","Salsa, Aderezos y Vinagre","2027-07-21","Natura","5.60","23"
[Linea 1600] Rechazado por catalogo | "SUC01","SUC03","Mayonesa Kraft - 445 g","870100600002","Salsa, Aderezos y Vinagre","2027-08-02","Kraft","14.00","34"
[Linea 1601] Rechazado por catalogo | "SUC03","SUC07","Mostaza Heinz - 226 g","870100600003","Salsa, Aderezos y Vinagre","2027-08-14","Heinz","10.50","45"
[Linea 1602] Rechazado por catalogo | "SUC01","SUC03","Vinagre Blanco Suli - 500 ml","870100600004","Salsa, Aderezos y Vinagre","2027-08-26","Suli","6.25","56"
[Linea 1603] Rechazado por catalogo | "SUC05","SUC06","Aderezo Ranch Hidden Valley - 473 ml","870100600005","Salsa, Aderezos y Vinagre","2027-09-07","Hidden Valley, Foods","29.90","67"
[Linea 1604] Rechazado por catalogo | "SUC04","SUC05","Salsa De Tomate Natura - 397 g","870100600001","Salsa, Aderezos y Vinagre","2027-07-22","Natura","5.60","30"
[Linea 1605] Rechazado por catalogo | "SUC02","SUC06","Mayonesa Kraft - 445 g","870100600002","Salsa, Aderezos y Vinagre","2027-08-03","Kraft","14.00","41"
[Linea 1607] Rechazado por catalogo | "SUC01","SUC07","Vinagre Blanco Suli - 500 ml","870100600004","Salsa, Aderezos y Vinagre","2027-08-27","Suli","6.25","63"
[Linea 1608] Rechazado por catalogo | "SUC01","SUC04","Aderezo Ranch Hidden Valley - 473 ml","870100600005","Salsa, Aderezos y Vinagre","2027-09-08","Hidden Valley, Foods","29.90","74"
[Linea 1616] Rechazado por catalogo | "SUC01","SUC04","Consome De Pollo Malher - 100 g","870100700003","Especias y Sazonadores","2027-09-06","Malher","6.90","92"
[Linea 1617] Rechazado por catalogo | "SUC01","SUC07","Oregano McCormick - 18 g","870100700004","Especias y Sazonadores","2027-09-18","McCormick","12.00","12"
[Linea 1619] Rechazado por catalogo | "SUC02","SUC06","Sal Yodada Suli - 500 g","870100700001","Especias y Sazonadores","2027-08-14","Suli","2.50","77"
[Linea 1623] Rechazado por catalogo | "SUC01","SUC04","Ajo En Polvo Badia - 85 g","870100700005","Especias y Sazonadores","2027-10-01","Badia, Spices","16.50","30"
[Linea 1625] Rechazado por catalogo | "SUC01","SUC03","Pimienta Negra Sasson - 50 g","870100700002","Especias y Sazonadores","2027-08-27","Sasson","8.75","95"
[Linea 1626] Rechazado por catalogo | "SUC04","SUC05","Consome De Pollo Malher - 100 g","870100700003","Especias y Sazonadores","2027-09-08","Malher","6.90","15"
[Linea 1628] Rechazado por catalogo | "SUC03","SUC07","Ajo En Polvo Badia - 85 g","870100700005","Especias y Sazonadores","2027-10-02","Badia, Spices","16.50","37"
[Linea 1632] Rechazado por catalogo | "SUC01","SUC04","Oregano McCormick - 18 g","870100700004","Especias y Sazonadores","2027-09-21","McCormick","12.00","33"
[Linea 1634] Rechazado por catalogo | "SUC03","SUC07","Sal Yodada Suli - 500 g","870100700001","Especias y Sazonadores","2027-08-17","Suli","2.50","98"
[Linea 1635] Rechazado por catalogo | "SUC04","SUC03","Pimienta Negra Sasson - 50 g","870100700002","Especias y Sazonadores","2027-08-29","Sasson","8.75","18"
[Linea 1636] Rechazado por catalogo | "SUC02","SUC04","Consome De Pollo Malher - 100 g","870100700003","Especias y Sazonadores","2027-09-10","Malher","6.90","29"
[Linea 1638] Rechazado por catalogo | "SUC01","SUC04","Ajo En Polvo Badia - 85 g","870100700005","Especias y Sazonadores","2027-10-04","Badia, Spices","16.50","51"
[Linea 1639] Rechazado por catalogo | "SUC01","SUC04","Sal Yodada Suli - 500 g","870100700001","Especias y Sazonadores","2027-08-18","Suli","2.50","14"
[Linea 1640] Rechazado por catalogo | "SUC01","SUC03","Pimienta Negra Sasson - 50 g","870100700002","Especias y Sazonadores","2027-08-30","Sasson","8.75","25"
[Linea 1641] Rechazado por catalogo | "SUC02","SUC06","Consome De Pollo Malher - 100 g","870100700003","Especias y Sazonadores","2027-09-11","Malher","6.90","36"
[Linea 1642] Rechazado por catalogo | "SUC01","SUC03","Oregano McCormick - 18 g","870100700004","Especias y Sazonadores","2027-09-23","McCormick","12.00","47"
[Linea 1644] Rechazado por catalogo | "SUC05","SUC06","Sal Yodada Suli - 500 g","870100700001","Especias y Sazonadores","2027-08-19","Suli","2.50","21"
[Linea 1645] Rechazado por catalogo | "SUC05","SUC06","Pimienta Negra Sasson - 50 g","870100700002","Especias y Sazonadores","2027-08-31","Sasson","8.75","32"
[Linea 1646] Rechazado por catalogo | "SUC01","SUC02","Consome De Pollo Malher - 100 g","870100700003","Especias y Sazonadores","2027-09-12","Malher","6.90","43"
[Linea 1647] Rechazado por catalogo | "SUC03","SUC07","Oregano McCormick - 18 g","870100700004","Especias y Sazonadores","2027-09-24","McCormick","12.00","54"
[Linea 1648] Rechazado por catalogo | "SUC01","SUC07","Ajo En Polvo Badia - 85 g","870100700005","Especias y Sazonadores","2027-10-06","Badia, Spices","16.50","65"
[Linea 1649] Rechazado por catalogo | "SUC01","SUC04","Sal Yodada Suli - 500 g","870100700001","Especias y Sazonadores","2027-08-20","Suli","2.50","28"
[Linea 1650] Rechazado por catalogo | "SUC01","SUC07","Pimienta Negra Sasson - 50 g","870100700002","Especias y Sazonadores","2027-09-01","Sasson","8.75","39"
[Linea 1651] Rechazado por catalogo | "SUC04","SUC05","Consome De Pollo Malher - 100 g","870100700003","Especias y Sazonadores","2027-09-13","Malher","6.90","50"
[Linea 1652] Rechazado por catalogo | "SUC01","SUC04","Oregano McCormick - 18 g","870100700004","Especias y Sazonadores","2027-09-25","McCormick","12.00","61"
[Linea 1653] Rechazado por catalogo | "SUC01","SUC04","Ajo En Polvo Badia - 85 g","870100700005","Especias y Sazonadores","2027-10-07","Badia, Spices","16.50","72"
[Linea 1654] Rechazado por catalogo | "SUC01","SUC04","Sal Yodada Suli - 500 g","870100700001","Especias y Sazonadores","2027-08-21","Suli","2.50","35"
[Linea 1655] Rechazado por catalogo | "SUC01","SUC07","Pimienta Negra Sasson - 50 g","870100700002","Especias y Sazonadores","2027-09-02","Sasson","8.75","46"
[Linea 1656] Rechazado por catalogo | "SUC01","SUC04","Consome De Pollo Malher - 100 g","870100700003","Especias y Sazonadores","2027-09-14","Malher","6.90","57"
[Linea 1658] Rechazado por catalogo | "SUC01","SUC02","Ajo En Polvo Badia - 85 g","870100700005","Especias y Sazonadores","2027-10-08","Badia, Spices","16.50","79"
[Linea 1666] Rechazado por catalogo | "SUC02","SUC04","Galleta Oreo Original - 108 g","870100800003","Galletas","2027-10-06","Oreo","9.75","97"
[Linea 1669] Rechazado por catalogo | "SUC02","SUC06","Galleta Club Extra Pozuelo - 225 g","870100800001","Galletas","2027-09-13","Pozuelo","7.25","82"
[Linea 1670] Rechazado por catalogo | "SUC04","SUC03","Galleta Chiky Chocolate - 168 g","870100800002","Galletas","2027-09-25","Pozuelo","8.50","93"
[Linea 1671] Rechazado por catalogo | "SUC02","SUC04","Galleta Oreo Original - 108 g","870100800003","Galletas","2027-10-07","Oreo","9.75","13"
[Linea 1673] Rechazado por catalogo | "SUC01","SUC07","Galleta Ritz Original - 200 g","870100800005","Galletas","2027-10-31","Ritz, Nabisco","14.50","35"
[Linea 1674] Rechazado por catalogo | "SUC04","SUC03","Galleta Club Extra Pozuelo - 225 g","870100800001","Galletas","2027-09-14","Pozuelo","7.25","89"
[Linea 1675] Rechazado por catalogo | "SUC04","SUC03","Galleta Chiky Chocolate - 168 g","870100800002","Galletas","2027-09-26","Pozuelo","8.50","100"
[Linea 1676] Rechazado por catalogo | "SUC02","SUC06","Galleta Oreo Original - 108 g","870100800003","Galletas","2027-10-08","Oreo","9.75","20"
[Linea 1677] Rechazado por catalogo | "SUC04","SUC05","Galleta Ducales Noel - 294 g","870100800004","Galletas","2027-10-20","Noel","12.25","31"
[Linea 1680] Rechazado por catalogo | "SUC04","SUC05","Galleta Chiky Chocolate - 168 g","870100800002","Galletas","2027-09-27","Pozuelo","8.50","16"
[Linea 1683] Rechazado por catalogo | "SUC01","SUC07","Galleta Ritz Original - 200 g","870100800005","Galletas","2027-11-02","Ritz, Nabisco","14.50","49"
[Linea 1686] Rechazado por catalogo | "SUC01","SUC02","Galleta Oreo Original - 108 g","870100800003","Galletas","2027-10-10","Oreo","9.75","34"
[Linea 1687] Rechazado por catalogo | "SUC04","SUC03","Galleta Ducales Noel - 294 g","870100800004","Galletas","2027-10-22","Noel","12.25","45"
[Linea 1689] Rechazado por catalogo | "SUC05","SUC06","Galleta Club Extra Pozuelo - 225 g","870100800001","Galletas","2027-09-17","Pozuelo","7.25","19"
[Linea 1693] Rechazado por catalogo | "SUC02","SUC06","Galleta Ritz Original - 200 g","870100800005","Galletas","2027-11-04","Ritz, Nabisco","14.50","63"
[Linea 1694] Rechazado por catalogo | "SUC01","SUC03","Galleta Club Extra Pozuelo - 225 g","870100800001","Galletas","2027-09-18","Pozuelo","7.25","26"
[Linea 1695] Rechazado por catalogo | "SUC01","SUC04","Galleta Chiky Chocolate - 168 g","870100800002","Galletas","2027-09-30","Pozuelo","8.50","37"
[Linea 1696] Rechazado por catalogo | "SUC02","SUC06","Galleta Oreo Original - 108 g","870100800003","Galletas","2027-10-12","Oreo","9.75","48"
[Linea 1697] Rechazado por catalogo | "SUC04","SUC03","Galleta Ducales Noel - 294 g","870100800004","Galletas","2027-10-24","Noel","12.25","59"
[Linea 1698] Rechazado por catalogo | "SUC05","SUC06","Galleta Ritz Original - 200 g","870100800005","Galletas","2027-11-05","Ritz, Nabisco","14.50","70"
[Linea 1699] Rechazado por catalogo | "SUC01","SUC04","Galleta Club Extra Pozuelo - 225 g","870100800001","Galletas","2027-09-19","Pozuelo","7.25","33"
[Linea 1700] Rechazado por catalogo | "SUC04","SUC05","Galleta Chiky Chocolate - 168 g","870100800002","Galletas","2027-10-01","Pozuelo","8.50","44"
[Linea 1701] Rechazado por catalogo | "SUC01","SUC03","Galleta Oreo Original - 108 g","870100800003","Galletas","2027-10-13","Oreo","9.75","55"
[Linea 1702] Rechazado por catalogo | "SUC02","SUC04","Galleta Ducales Noel - 294 g","870100800004","Galletas","2027-10-25","Noel","12.25","66"
[Linea 1705] Rechazado por catalogo | "SUC01","SUC02","Galleta Chiky Chocolate - 168 g","870100800002","Galletas","2027-10-02","Pozuelo","8.50","51"
[Linea 1707] Rechazado por catalogo | "SUC01","SUC02","Galleta Ducales Noel - 294 g","870100800004","Galletas","2027-10-26","Noel","12.25","73"
[Linea 1708] Rechazado por catalogo | "SUC04","SUC05","Galleta Ritz Original - 200 g","870100800005","Galletas","2027-11-07","Ritz, Nabisco","14.50","84"
[Linea 1718] Rechazado por catalogo | "SUC01","SUC03","Sustituto De Cafe Pero - 200 g","870100900005","Café, Té y Sustitutos","2027-11-29","Nestle, Beverages","24.75","33"
[Linea 1719] Rechazado por catalogo | "SUC03","SUC07","Cafe Soluble Suli - 180 g","870100900001","Café, Té y Sustitutos","2027-10-13","Suli","30.00","87"
[Linea 1721] Rechazado por catalogo | "SUC01","SUC04","Te Manzanilla Lipton - 25 uds","870100900003","Café, Té y Sustitutos","2027-11-06","Lipton","18.25","18"
[Linea 1725] Rechazado por catalogo | "SUC01","SUC04","Cafe Clasico Nescafe - 170 g","870100900002","Café, Té y Sustitutos","2027-10-26","Nescafe","42.50","14"
[Linea 1727] Rechazado por catalogo | "SUC04","SUC03","Cafe Molido Leon - 400 g","870100900004","Café, Té y Sustitutos","2027-11-19","Cafe Leon","35.00","36"
[Linea 1728] Rechazado por catalogo | "SUC01","SUC07","Sustituto De Cafe Pero - 200 g","870100900005","Café, Té y Sustitutos","2027-12-01","Nestle, Beverages","24.75","47"
[Linea 1730] Rechazado por catalogo | "SUC01","SUC03","Cafe Clasico Nescafe - 170 g","870100900002","Café, Té y Sustitutos","2027-10-27","Nescafe","42.50","21"
[Linea 1731] Rechazado por catalogo | "SUC01","SUC02","Te Manzanilla Lipton - 25 uds","870100900003","Café, Té y Sustitutos","2027-11-08","Lipton","18.25","32"
[Linea 1733] Rechazado por catalogo | "SUC02","SUC04","Sustituto De Cafe Pero - 200 g","870100900005","Café, Té y Sustitutos","2027-12-02","Nestle, Beverages","24.75","54"
[Linea 1734] Rechazado por catalogo | "SUC01","SUC04","Cafe Soluble Suli - 180 g","870100900001","Café, Té y Sustitutos","2027-10-16","Suli","30.00","17"
[Linea 1736] Rechazado por catalogo | "SUC01","SUC07","Te Manzanilla Lipton - 25 uds","870100900003","Café, Té y Sustitutos","2027-11-09","Lipton","18.25","39"
[Linea 1739] Rechazado por catalogo | "SUC01","SUC03","Cafe Soluble Suli - 180 g","870100900001","Café, Té y Sustitutos","2027-10-17","Suli","30.00","24"
[Linea 1740] Rechazado por catalogo | "SUC02","SUC06","Cafe Clasico Nescafe - 170 g","870100900002","Café, Té y Sustitutos","2027-10-29","Nescafe","42.50","35"
[Linea 1741] Rechazado por catalogo | "SUC02","SUC04","Te Manzanilla Lipton - 25 uds","870100900003","Café, Té y Sustitutos","2027-11-10","Lipton","18.25","46"
[Linea 1742] Rechazado por catalogo | "SUC02","SUC06","Cafe Molido Leon - 400 g","870100900004","Café, Té y Sustitutos","2027-11-22","Cafe Leon","35.00","57"
[Linea 1743] Rechazado por catalogo | "SUC01","SUC03","Sustituto De Cafe Pero - 200 g","870100900005","Café, Té y Sustitutos","2027-12-04","Nestle, Beverages","24.75","68"
[Linea 1744] Rechazado por catalogo | "SUC01","SUC02","Cafe Soluble Suli - 180 g","870100900001","Café, Té y Sustitutos","2027-10-18","Suli","30.00","31"
[Linea 1745] Rechazado por catalogo | "SUC02","SUC04","Cafe Clasico Nescafe - 170 g","870100900002","Café, Té y Sustitutos","2027-10-30","Nescafe","42.50","42"
[Linea 1746] Rechazado por catalogo | "SUC04","SUC05","Te Manzanilla Lipton - 25 uds","870100900003","Café, Té y Sustitutos","2027-11-11","Lipton","18.25","53"
[Linea 1747] Rechazado por catalogo | "SUC01","SUC07","Cafe Molido Leon - 400 g","870100900004","Café, Té y Sustitutos","2027-11-23","Cafe Leon","35.00","64"
[Linea 1748] Rechazado por catalogo | "SUC04","SUC03","Sustituto De Cafe Pero - 200 g","870100900005","Café, Té y Sustitutos","2027-12-05","Nestle, Beverages","24.75","75"
[Linea 1749] Rechazado por catalogo | "SUC01","SUC03","Cafe Soluble Suli - 180 g","870100900001","Café, Té y Sustitutos","2027-10-19","Suli","30.00","38"
[Linea 1750] Rechazado por catalogo | "SUC01","SUC03","Cafe Clasico Nescafe - 170 g","870100900002","Café, Té y Sustitutos","2027-10-31","Nescafe","42.50","49"
[Linea 1751] Rechazado por catalogo | "SUC04","SUC03","Te Manzanilla Lipton - 25 uds","870100900003","Café, Té y Sustitutos","2027-11-12","Lipton","18.25","60"
[Linea 1752] Rechazado por catalogo | "SUC01","SUC07","Cafe Molido Leon - 400 g","870100900004","Café, Té y Sustitutos","2027-11-24","Cafe Leon","35.00","71"
[Linea 1754] Rechazado por catalogo | "SUC01","SUC02","Cafe Soluble Suli - 180 g","870100900001","Café, Té y Sustitutos","2027-10-20","Suli","30.00","45"
[Linea 1755] Rechazado por catalogo | "SUC05","SUC06","Cafe Clasico Nescafe - 170 g","870100900002","Café, Té y Sustitutos","2027-11-01","Nescafe","42.50","56"
[Linea 1756] Rechazado por catalogo | "SUC01","SUC07","Te Manzanilla Lipton - 25 uds","870100900003","Café, Té y Sustitutos","2027-11-13","Lipton","18.25","67"
[Linea 1757] Rechazado por catalogo | "SUC02","SUC04","Cafe Molido Leon - 400 g","870100900004","Café, Té y Sustitutos","2027-11-25","Cafe Leon","35.00","78"
[Linea 1758] Rechazado por catalogo | "SUC01","SUC04","Sustituto De Cafe Pero - 200 g","870100900005","Café, Té y Sustitutos","2027-12-07","Nestle, Beverages","24.75","89"
[Linea 1764] Rechazado por catalogo | "SUC02","SUC04","Sopa Instantanea Maruchan - 64 g","870101000001","Alimentos Instantáneos","2027-11-11","Maruchan","3.25","85"
[Linea 1767] Rechazado por catalogo | "SUC01","SUC04","Avena Instantanea Quaker - 300 g","870101000004","Alimentos Instantáneos","2027-12-17","Quaker","16.25","27"
[Linea 1771] Rechazado por catalogo | "SUC01","SUC03","Macarrones Con Queso Kraft - 206 g","870101000003","Alimentos Instantáneos","2027-12-06","Kraft","14.90","23"
[Linea 1774] Rechazado por catalogo | "SUC05","SUC06","Sopa Instantanea Maruchan - 64 g","870101000001","Alimentos Instantáneos","2027-11-13","Maruchan","3.25","99"
[Linea 1777] Rechazado por catalogo | "SUC01","SUC02","Avena Instantanea Quaker - 300 g","870101000004","Alimentos Instantáneos","2027-12-19","Quaker","16.25","41"
[Linea 1780] Rechazado por catalogo | "SUC01","SUC02","Pure De Papa Maggi - 125 g","870101000002","Alimentos Instantáneos","2027-11-26","Maggi","12.75","26"
[Linea 1781] Rechazado por catalogo | "SUC04","SUC05","Macarrones Con Queso Kraft - 206 g","870101000003","Alimentos Instantáneos","2027-12-08","Kraft","14.90","37"
[Linea 1785] Rechazado por catalogo | "SUC03","SUC07","Pure De Papa Maggi - 125 g","870101000002","Alimentos Instantáneos","2027-11-27","Maggi","12.75","33"
[Linea 1786] Rechazado por catalogo | "SUC01","SUC03","Macarrones Con Queso Kraft - 206 g","870101000003","Alimentos Instantáneos","2027-12-09","Kraft","14.90","44"
[Linea 1787] Rechazado por catalogo | "SUC03","SUC07","Avena Instantanea Quaker - 300 g","870101000004","Alimentos Instantáneos","2027-12-21","Quaker","16.25","55"
[Linea 1788] Rechazado por catalogo | "SUC02","SUC04","Ramen Nissin Pollo - 85 g","870101000005","Alimentos Instantáneos","2028-01-02","Nissin, Foods","4.50","66"
[Linea 1789] Rechazado por catalogo | "SUC01","SUC03","Sopa Instantanea Maruchan - 64 g","870101000001","Alimentos Instantáneos","2027-11-16","Maruchan","3.25","29"
[Linea 1790] Rechazado por catalogo | "SUC01","SUC07","Pure De Papa Maggi - 125 g","870101000002","Alimentos Instantáneos","2027-11-28","Maggi","12.75","40"
[Linea 1792] Rechazado por catalogo | "SUC01","SUC04","Avena Instantanea Quaker - 300 g","870101000004","Alimentos Instantáneos","2027-12-22","Quaker","16.25","62"
[Linea 1793] Rechazado por catalogo | "SUC01","SUC02","Ramen Nissin Pollo - 85 g","870101000005","Alimentos Instantáneos","2028-01-03","Nissin, Foods","4.50","73"
[Linea 1795] Rechazado por catalogo | "SUC05","SUC06","Pure De Papa Maggi - 125 g","870101000002","Alimentos Instantáneos","2027-11-29","Maggi","12.75","47"
[Linea 1796] Rechazado por catalogo | "SUC03","SUC07","Macarrones Con Queso Kraft - 206 g","870101000003","Alimentos Instantáneos","2027-12-11","Kraft","14.90","58"
[Linea 1797] Rechazado por catalogo | "SUC01","SUC04","Avena Instantanea Quaker - 300 g","870101000004","Alimentos Instantáneos","2027-12-23","Quaker","16.25","69"
[Linea 1798] Rechazado por catalogo | "SUC04","SUC03","Ramen Nissin Pollo - 85 g","870101000005","Alimentos Instantáneos","2028-01-04","Nissin, Foods","4.50","80"
[Linea 1799] Rechazado por catalogo | "SUC04","SUC03","Sopa Instantanea Maruchan - 64 g","870101000001","Alimentos Instantáneos","2027-11-18","Maruchan","3.25","43"
[Linea 1800] Rechazado por catalogo | "SUC01","SUC04","Pure De Papa Maggi - 125 g","870101000002","Alimentos Instantáneos","2027-11-30","Maggi","12.75","54"
[Linea 1801] Rechazado por catalogo | "SUC01","SUC04","Macarrones Con Queso Kraft - 206 g","870101000003","Alimentos Instantáneos","2027-12-12","Kraft","14.90","65"
[Linea 1802] Rechazado por catalogo | "SUC01","SUC03","Avena Instantanea Quaker - 300 g","870101000004","Alimentos Instantáneos","2027-12-24","Quaker","16.25","76"
[Linea 1803] Rechazado por catalogo | "SUC04","SUC03","Ramen Nissin Pollo - 85 g","870101000005","Alimentos Instantáneos","2028-01-05","Nissin, Foods","4.50","87"
[Linea 1804] Rechazado por catalogo | "SUC01","SUC02","Sopa Instantanea Maruchan - 64 g","870101000001","Alimentos Instantáneos","2027-11-19","Maruchan","3.25","50"
[Linea 1807] Rechazado por catalogo | "SUC01","SUC02","Avena Instantanea Quaker - 300 g","870101000004","Alimentos Instantáneos","2027-12-25","Quaker","16.25","83"
[Linea 1808] Rechazado por catalogo | "SUC02","SUC04","Ramen Nissin Pollo - 85 g","870101000005","Alimentos Instantáneos","2028-01-06","Nissin, Foods","4.50","94"
